"Date","AAPL","MSFT","JPM","JNJ","XOM","UPS","HD","PG","BAC","NVDA","AVGO","CAKE","WMT","DIS","NFLX","AMZN","GS","PFE","CVX","TSLA"
"2022-01-03",178.103668212891,323.160827636719,144.929504394531,151.770004272461,54.7602386474609,174.976654052734,369.339569091797,146.320907592773,41.714241027832,30.06276512146,61.4447174072266,34.9555206298828,45.7654190063477,153.153335571289,59.7369995117188,170.404495239258,355.345642089844,45.3657150268555,100.499328613281,399.926666259766
"2022-01-04",175.843246459961,317.619476318359,150.423767089844,151.363052368164,56.8199882507324,178.082824707031,373.135650634766,146.832901000977,43.3492050170898,29.2333755493164,62.1487197875977,36.1083908081055,44.9269943237305,152.147018432617,59.1150016784668,167.522003173828,366.266754150391,43.6680068969727,102.32795715332,383.196655273438
"2022-01-05",171.165832519531,305.426788330078,147.673675537109,152.371673583984,57.526683807373,175.845397949219,368.074188232422,147.497589111328,42.6175422668457,27.5506324768066,59.5624389648438,36.1714477539062,45.5344467163086,151.619445800781,56.7519989013672,164.356994628906,358.311920166016,44.5489044189453,102.993675231934,362.706665039062
"2022-01-06",168.308502197266,303.013305664062,149.242538452148,151.849670410156,58.879753112793,177.550109863281,366.736572265625,146.258010864258,43.4756698608398,28.1235179901123,59.0094261169434,35.1807022094727,45.4078979492188,153.290100097656,55.3289985656738,163.253997802734,356.783874511719,43.9162635803223,103.870079040527,354.899993896484
"2022-01-07",168.474884033203,303.167755126953,150.721282958984,153.902252197266,59.362361907959,178.795822143555,355.755096435547,146.177185058594,44.4241218566895,27.1943206787109,57.3531608581543,35.0636177062988,45.8413429260254,154.198699951172,54.1059989929199,162.554000854492,357.305236816406,44.6209716796875,105.361633300781,342.320007324219
"2022-01-10",168.494400024414,303.389770507812,150.865570068359,153.141387939453,59.009033203125,173.526062011719,350.196502685547,144.18310546875,44.1983070373535,27.3470249176025,57.5393486022949,34.7483711242676,45.7527542114258,152.997024536133,53.9850006103516,161.485992431641,358.797302246094,45.0373916625977,105.429046630859,352.706665039062
"2022-01-11",171.322387695312,304.075286865234,151.018829345703,151.513458251953,61.4910850524902,173.149063110352,349.482482910156,142.512420654297,44.451229095459,27.763219833374,57.6217918395996,34.2710075378418,45.6230316162109,154.257308959961,54.0839996337891,165.361999511719,362.284851074219,45.3977508544922,107.839157104492,354.799987792969
"2022-01-12",171.762725830078,307.251220703125,151.875457763672,150.221740722656,61.3100852966309,173.108016967773,351.949951171875,142.826782226562,44.1350746154785,27.9448680877686,57.6171607971191,33.3433036804199,45.3825798034668,154.169387817383,53.7220001220703,165.207000732422,350.833404541016,45.3657150268555,107.299827575684,368.739990234375
"2022-01-13",168.494400024414,294.247680664062,151.686065673828,149.310424804688,60.8705749511719,172.493408203125,349.7626953125,142.180068969727,44.0447387695312,26.5236206054688,55.3189506530762,34.4691581726074,46.0248527526855,151.863708496094,51.9199981689453,161.214004516602,351.273864746094,44.4768180847168,106.853202819824,343.853332519531
"2022-01-14",169.355499267578,299.460754394531,142.362899780273,148.496444702148,61.9392166137695,169.272476196289,336.223388671875,143.545349121094,43.2769432067871,26.8899116516113,55.2429962158203,33.7846374511719,45.8951301574707,148.444244384766,52.5690002441406,162.138000488281,342.411071777344,44.0043411254883,108.67342376709,349.869995117188
"2022-01-18",166.155715942383,292.172180175781,136.393920898438,147.841751098633,62.9820251464844,168.493927001953,331.451141357422,140.778839111328,41.786506652832,25.8529205322266,53.5218963623047,32.5146751403809,45.0915184020996,148.766632080078,51.0800018310547,158.917495727539,318.555358886719,43.3316688537598,109.02734375,343.503326416016
"2022-01-19",162.662353515625,292.828491210938,134.284027099609,147.381683349609,63.0078811645508,166.994110107422,325.097259521484,145.512496948242,41.9490966796875,25.0185375213623,52.2417221069336,32.9109840393066,45.5407752990723,146.656326293945,51.5859985351562,156.29899597168,312.191436767578,42.8752098083496,108.631286621094,331.883331298828
"2022-01-20",160.979232788086,291.158416748047,133.138961791992,146.204940795898,63.1457672119141,165.789367675781,315.959533691406,146.298141479492,41.3258209228516,24.103307723999,50.7364540100098,32.3525543212891,44.6802024841309,144.2236328125,50.8250007629395,151.667495727539,312.892578125,43.2836151123047,108.243637084961,332.089996337891
"2022-01-21",158.924301147461,285.781280517578,130.81266784668,145.868759155273,62.1977806091309,165.510726928711,315.525726318359,146.858047485352,40.5760879516602,23.3288097381592,49.3942108154297,31.9922828674316,44.3543243408203,134.219223022461,39.75,142.643005371094,309.126403808594,42.2745971679688,106.945892333984,314.633331298828
"2022-01-24",158.151306152344,286.109497070312,130.695449829102,144.187774658203,62.732105255127,167.297378540039,328.820983886719,145.666015625,40.2418670654297,23.3268146514893,50.1676788330078,33.1901817321777,44.3574867248535,134.297393798828,38.7150001525879,144.544006347656,308.658996582031,41.2735900878906,107.173408508301,310
"2022-01-25",156.350738525391,278.502319335938,132.120056152344,148.31071472168,64.5763931274414,165.502517700195,324.45556640625,144.076599121094,41.0367660522461,22.2808399200439,49.4785118103027,34.1178970336914,43.392505645752,133.369232177734,36.6419982910156,139.985992431641,307.005065917969,42.0744018554688,111.732383728027,306.133331298828
"2022-01-26",156.262710571289,286.437713623047,133.373382568359,148.974227905273,63.9214134216309,163.092971801758,322.919067382812,142.821319580078,41.4613189697266,22.7279758453369,51.6071891784668,32.6948165893555,42.9495620727539,130.526168823242,35.9700012207031,138.872497558594,308.020782470703,42.4507751464844,111.816650390625,312.470001220703
"2022-01-27",155.802764892578,289.459411621094,131.020050048828,150.929534912109,64.7401428222656,159.675445556641,322.15087890625,143.706359863281,41.0728950500488,21.9015789031982,50.2353096008301,31.5239200592041,42.9780387878418,132.304306030273,38.6699981689453,139.637496948242,306.537689208984,43.064022064209,114.075057983398,276.366668701172
"2022-01-28",166.674362182617,297.587921142578,132.19221496582,151.9912109375,64.878044128418,162.478332519531,331.288543701172,144.943557739258,41.4342079162598,22.7958431243896,51.8832359313965,31.4698886871338,43.5095710754395,135.440444946289,38.4360008239746,143.977996826172,311.912841796875,43.8386421203613,110.063858032227,282.116668701172
"2022-01-31",171.028823852539,300.213745117188,133.98649597168,152.433624267578,65.4640808105469,165.723785400391,331.686187744141,144.898391723633,41.678108215332,24.4386615753174,54.2712821960449,32.1363868713379,44.2340927124023,139.680618286133,42.7140007019043,149.573501586914,318.807098388672,42.5153274536133,110.67057800293,312.239990234375
"2022-02-01",170.862487792969,298.070587158203,136.285736083984,151.186080932617,69.6611709594727,189.064926147461,333.240753173828,144.257217407227,42.4007415771484,24.590368270874,54.9048957824707,33.1811828613281,44.5821228027344,141.165649414062,45.7130012512207,151.193496704102,327.238342285156,42.8219528198242,113.586303710938,310.416656494141
"2022-02-02",172.066101074219,302.607879638672,135.194732666016,152.858306884766,69.4801788330078,190.228729248047,337.786987304688,146.840026855469,42.355583190918,25.1931972503662,55.89697265625,33.1361465454102,44.5631408691406,139.338653564453,42.9480018615723,150.612503051758,326.339508056641,43.4594039916992,114.108779907227,301.886657714844
"2022-02-03",169.189208984375,290.820526123047,134.076675415039,152.849426269531,68.6700668334961,187.425811767578,329.724853515625,148.230758666992,41.9400672912598,23.9017009735107,53.8053436279297,32.5687255859375,44.6074371337891,136.808242797852,40.560001373291,138.845504760742,322.582336425781,43.0720825195312,113.08911895752,297.046661376953
"2022-02-04",168.905075073242,295.348205566406,137.557052612305,151.849670410156,70.1610107421875,184.229522705078,325.079193115234,145.873718261719,43.6111640930176,24.2719821929932,54.6677589416504,32.85693359375,44.0822334289551,138.752471923828,41.0169982910156,157.639495849609,330.420379638672,42.7654685974121,114.504844665527,307.773345947266
"2022-02-07",168.189804077148,290.530944824219,138.01692199707,151.345367431641,71.0055999755859,184.450790405273,322.982391357422,144.781021118164,43.818920135498,24.6801910400391,54.4333953857422,34.2710075378418,43.6487770080566,139.231185913086,40.2099990844727,157.935501098633,330.914672851562,42.9349212646484,116.754806518555,302.446655273438
"2022-02-08",171.29573059082,294.015899658203,140.613693237305,151.743469238281,69.169921875,184.565536499023,326.678985595703,144.455902099609,44.6047859191895,25.059455871582,55.5996322631836,35.1987113952637,43.6582717895508,139.201873779297,40.3530006408691,161.413497924805,332.667541503906,41.7165107727051,114.97673034668,307.333343505859
"2022-02-09",172.716415405273,300.435760498047,141.199768066406,151.725799560547,68.8388061523438,184.458984375,329.3271484375,144.130798339844,44.5144577026367,26.6533660888672,56.6296997070312,35.982307434082,43.563362121582,143.842590332031,41.2890014648438,161.189498901367,336.649444580078,41.5309143066406,116.114356994629,310.666656494141
"2022-02-10",168.640518188477,291.911407470703,140.613693237305,149.894393920898,68.1765365600586,180.861114501953,320.939636230469,141.936325073242,44.306697845459,25.7740745544434,54.7789115905762,35.7931671142578,43.0539703369141,148.659164428711,40.6269989013672,159.003494262695,333.089965820312,40.8289222717285,114.639656066895,301.516662597656
"2022-02-11",165.230850219727,284.825592041016,138.783309936523,148.381439208984,69.8931503295898,174.968460083008,316.601287841797,141.141571044922,43.2859764099121,23.9027004241943,53.1170997619629,35.7391242980957,42.8166847229004,146.03108215332,39.1310005187988,153.293502807617,326.339508056641,40.9741554260254,116.973922729492,286.666656494141
"2022-02-14",165.46598815918,284.786926269531,137.49397277832,146.514617919922,68.8213653564453,175.378265380859,317.749206542969,141.54801940918,42.8343276977539,24.2200832366943,53.5950698852539,36.5857582092285,42.380069732666,147.379318237305,39.6570014953613,155.167007446289,323.804748535156,40.183406829834,115.170570373535,291.920013427734
"2022-02-15",169.296981811523,290.067596435547,139.504669189453,148.027557373047,67.9586868286133,178.058197021484,319.28564453125,141.620254516602,43.1685562133789,26.4437732696533,55.8358459472656,37.378360748291,42.5129585266113,151.160278320312,40.7459983825684,156.510498046875,327.130493164062,40.1753387451172,114.327537536621,307.476654052734
"2022-02-16",169.061798095703,289.728973388672,139.75715637207,147.939071655273,68.2723999023438,176.460052490234,316.420532226562,142.694931030273,43.0691909790039,26.4597454071045,55.3208084106445,36.8109321594238,42.2471771240234,152.75276184082,39.8079986572266,158.100494384766,323.633972167969,40.0865745544434,114.361587524414,307.796661376953
"2022-02-17",165.46598815918,281.245086669922,136.538162231445,147.03662109375,68.1678314208984,172.690093994141,314.477294921875,144.329498291016,41.6148796081543,24.4596195220947,53.6339797973633,36.9460372924805,43.9398574829102,149.430999755859,38.6669998168945,154.652496337891,313.755523681641,39.4571952819824,113.774040222168,292.116668701172
"2022-02-18",163.917938232422,278.536437988281,137.178359985352,145.460571289062,67.4097518920898,172.830444335938,313.510223388672,144.401702880859,41.5155143737793,23.5962963104248,53.7256851196289,38.6843566894531,43.6582717895508,147.877563476562,39.1290016174316,152.601501464844,311.040985107422,39.1586532592773,113.612236022949,285.660003662109
"2022-02-22",160.998229980469,278.333282470703,136.934967041016,143.483810424805,66.6255035400391,172.50846862793,285.762847900391,142.622634887695,41.1541976928711,23.3447761535645,53.4913139343262,37.9908332824707,43.1710357666016,144.68278503418,37.7379989624023,150.197494506836,309.450012207031,38.351749420166,112.743667602539,273.843322753906
"2022-02-23",156.834106445312,271.126342773438,134.067626953125,143.555023193359,66.8956298828125,168.801864624023,278.785247802734,140.843627929688,40.4496192932129,22.3437156677246,52.3547286987305,36.5767631530762,42.7280883789062,142.513870239258,36.7459983825684,144.826995849609,306.681457519531,37.8192024230957,115.426010131836,254.679992675781
"2022-02-24",159.450134277344,284.979187011719,130.334808349609,140.812515258789,66.0503997802734,171.039047241211,283.114532470703,137.050689697266,39.3837356567383,23.7020893096924,53.7266006469727,37.8377075195312,42.5635719299316,145.962661743164,39.0029983520508,151.358001708984,305.782623291016,37.0849266052246,114.829933166504,266.92333984375
"2022-02-25",161.517501831055,287.610412597656,133.418472290039,147.811279296875,67.8279800415039,173.317474365234,286.196563720703,142.902648925781,40.6664085388184,24.1102962493896,54.4685935974121,38.9905853271484,43.1488838195801,146.08967590332,39.0800018310547,153.788497924805,314.708282470703,38.505054473877,119.538948059082,269.956665039062
"2022-02-28",161.782028198242,289.042205810547,127.855224609375,146.537963867188,68.3333892822266,173.705474853516,285.455474853516,140.780364990234,39.9257202148438,24.3378562927246,54.4157981872559,38.5402488708496,42.7629013061523,145.044311523438,39.4519996643066,153.563003540039,306.771362304688,37.8756828308105,122.621505737305,290.143341064453
"2022-03-01",159.900833129883,285.327453613281,123.031341552734,146.030471801758,68.9869384765625,169.709915161133,289.450378417969,138.450454711914,38.3630027770996,23.4316082000732,52.8114013671875,36.6848335266113,43.025505065918,142.347778320312,38.6240005493164,151.141998291016,296.744262695312,36.9154777526855,127.492347717285,288.123321533203
"2022-03-02",163.192886352539,290.396514892578,125.583061218262,147.846908569336,70.172004699707,174.564010620117,295.885589599609,138.883926391602,38.9862823486328,24.1772937774658,54.262020111084,36.7929229736328,43.0792770385742,143.950057983398,38.0029983520508,152.052505493164,304.140289306641,38.4889259338379,131.256103515625,293.296661376953
"2022-03-03",162.869583129883,286.265777587891,124.690383911133,150.019577026367,70.6164093017578,175.36474609375,293.1650390625,139.398696899414,38.5687408447266,23.6721858978271,53.5969200134277,34.9825477600098,44.0695762634277,142.220794677734,36.806999206543,147.898498535156,301.463958740234,38.5938301086426,133.027328491211,279.763336181641
"2022-03-04",159.871459960938,280.403472900391,121.182983398438,150.910003662109,73.2741012573242,173.680709838867,293.074737548828,140.103057861328,37.1708564758301,22.8955554962158,55.2077980041504,32.9740295410156,45.1864280700684,137.482360839844,36.1730003356934,145.641006469727,298.073394775391,39.2554702758789,135.096572875977,279.429992675781
"2022-03-07",156.079666137695,269.810760498047,116.503349304199,153.340866088867,75.9143829345703,166.077667236328,291.727996826172,138.026000976562,34.8017272949219,21.3143482208252,52.8651275634766,29.0470428466797,44.822582244873,130.428497314453,35.0260009765625,137.453002929688,291.039001464844,38.7148513793945,137.983276367188,268.193328857422
"2022-03-08",154.257278442383,266.850524902344,115.682823181152,150.233291625977,76.4894790649414,167.918563842773,286.277893066406,132.562408447266,35.0286521911621,21.4760627746582,53.3514442443848,30.1188583374023,43.8955612182617,128.71875,34.1759986877441,136.014495849609,290.56884765625,38.2791290283203,145.212829589844,274.799987792969
"2022-03-09",159.655868530273,279.087890625,120.317337036133,150.803115844727,72.1413116455078,170.700576782227,288.423858642578,134.350494384766,37.2525520324707,22.9734191894531,55.3032073974609,32.0102920532227,44.123363494873,130.575057983398,35.8790016174316,139.279006958008,301.617614746094,39.3361701965332,141.58528137207,286.323333740234
"2022-03-10",155.315414428711,276.272766113281,118.892730712891,151.070281982422,74.380744934082,171.030792236328,289.096710205078,130.891723632812,36.9166946411133,22.618049621582,54.4426574707031,31.5509338378906,45.1263008117676,130.56526184082,35.6769981384277,146.817504882812,298.281341552734,39.6992683410645,145.459808349609,279.433319091797
"2022-03-11",151.60205078125,270.932922363281,116.214820861816,150.794235229492,73.9973526000977,168.32307434082,288.050964355469,129.338455200195,36.6080780029297,22.0610313415527,53.5274543762207,30.875431060791,44.9491271972656,128.71875,34.0320014953613,145.524505615234,295.659271240234,40.5626411437988,145.527877807617,265.116668701172
"2022-03-14",147.575134277344,267.421295166016,117.368927001953,152.877868652344,71.3483734130859,168.653289794922,289.478546142578,130.991058349609,37.3977890014648,21.2923889160156,52.596492767334,31.7400894165039,45.575569152832,126.061332702637,33.101001739502,141.852996826172,293.832916259766,42.1602935791016,141.968460083008,255.456665039062
"2022-03-15",151.95475769043,277.781921386719,119.451766967773,156.840270996094,67.2877502441406,173.796279907227,298.735076904297,135.705139160156,37.6700973510742,22.9324893951416,54.9086036682129,32.298511505127,46.1229286193848,131.112380981445,34.375,147.366500854492,297.612213134766,42.1280212402344,134.781463623047,267.296661376953
"2022-03-16",156.363830566406,284.785736083984,124.789558410645,155.397735595703,67.035041809082,179.880325317383,300.890014648438,135.244522094727,38.8501281738281,24.4528026580811,56.2387962341309,34.234977722168,45.9868812561035,134.96174621582,35.7529983520508,153.10400390625,308.100494384766,42.7009124755859,134.296112060547,280.07666015625
"2022-03-17",157.373001098633,285.588531494141,126.367477416992,157.427947998047,68.8213653564453,183.52912902832,305.845642089844,135.668991088867,39.0588989257812,24.7223300933838,55.8265800476074,34.4061050415039,46.0567588806152,136.261138916016,37.1399993896484,157.238998413086,310.369842529297,43.7660179138184,136.620819091797,290.533325195312
"2022-03-18",160.6650390625,290.628662109375,126.322402954102,155.682693481445,68.5512466430664,181.432327270508,309.828338623047,135.596710205078,38.9409027099609,26.4063568115234,56.5435562133789,34.3250541687012,46.1933288574219,137.072036743164,38.060001373291,161.250503540039,312.277679443359,43.9838790893555,137.719268798828,301.796661376953
"2022-03-21",162.036758422852,289.400115966797,125.916664123535,156.564208984375,71.6272125244141,180.425140380859,299.489776611328,136.111480712891,38.8864364624023,26.6868591308594,56.0753936767578,33.6495361328125,45.8090286254883,135.430694580078,37.4589996337891,161.491500854492,306.509124755859,43.7256813049316,140.197280883789,307.053344726562
"2022-03-22",165.407241821289,294.140197753906,128.594589233398,155.8251953125,71.3134918212891,180.309631347656,299.817077636719,137.159042358398,40.1027755737305,26.4772319793701,57.0126419067383,34.4781684875488,45.6724433898926,136.88639831543,38.2919998168945,164.889007568359,310.134857177734,42.7977447509766,139.728881835938,331.32666015625
"2022-03-23",166.769119262695,289.719299316406,126.033866882324,155.237487792969,72.4375839233398,177.139617919922,288.287445068359,136.201782226562,39.1133575439453,25.5887985229492,55.897274017334,34.0098114013672,45.0848770141602,134.473236083984,37.4490013122559,163.408004760742,303.444000244141,42.1118812561035,141.23616027832,333.036682128906
"2022-03-24",170.55110168457,294.178955078125,126.854377746582,156.038879394531,72.6554107666016,177.205673217773,287.132659912109,136.436569213867,39.0952072143555,28.10036277771,58.4199180603027,34.5412101745605,45.3643684387207,135.76286315918,37.5709991455078,163.649505615234,304.004699707031,42.4346389770508,141.610794067383,337.973327636719
"2022-03-25",171.187942504883,293.772552490234,127.963424682617,157.534805297852,74.241340637207,177.775268554688,282.495300292969,138.016998291016,39.6942977905273,27.6431674957275,58.6474609375,33.8206634521484,45.5612869262695,135.938705444336,37.3849983215332,164.773498535156,305.143890380859,42.5879554748535,144.173950195312,336.880004882812
"2022-03-28",172.050201416016,300.563598632812,127.016677856445,158.345062255859,72.1587448120117,181.242462158203,285.768707275391,138.965194702148,39.5309066772461,28.1692409515381,59.021427154541,34.9735412597656,46.3711891174316,135.528366088867,37.851001739502,168.990493774414,303.163726806641,42.9914016723633,141.653427124023,363.946655273438
"2022-03-29",175.342239379883,305.119903564453,127.296180725098,158.264953613281,71.7753448486328,183.636459350586,288.887573242188,140.392059326172,39.4310646057129,28.6054706573486,59.8225288391113,36.0273475646973,46.7618522644043,139.104187011719,39.181999206543,169.315002441406,307.105926513672,42.5556793212891,139.924789428711,366.523345947266
"2022-03-30",174.176300048828,303.620513916016,126.719116210938,159.912231445312,73.0039825439453,181.779022216797,280.476654052734,139.42578125,39.0316696166992,27.6411743164062,58.8545074462891,34.9555206298828,47.6003456115723,137.716842651367,38.1469993591309,166.300994873047,303.425994873047,42.3136100769043,140.912536621094,364.663330078125
"2022-03-31",171.080154418945,298.251525878906,122.914131164551,157.810821533203,71.9670486450195,177.040588378906,272.174987792969,137.989852905273,37.4159469604492,27.2378826141357,58.7229995727539,35.8381958007812,47.2986183166504,134.004272460938,37.4589996337891,162.997497558594,298.462127685547,41.7729949951172,138.655960083008,359.200012207031
"2022-04-01",170.786254882812,299.325469970703,122.003456115723,158.665618896484,72.4288711547852,170.585006713867,274.502716064453,140.057922363281,37.1254730224609,26.6648998260498,58.4712066650391,35.0726089477539,47.9624176025391,133.847946166992,37.3470001220703,163.559997558594,298.570709228516,41.6116065979004,139.839599609375,361.529998779297
"2022-04-04",174.832733154297,304.694305419922,122.544464111328,157.134078979492,72.4637222290039,169.404541015625,277.858001708984,139.14582824707,37.0619201660156,27.3117580413818,59.2051467895508,35.0546035766602,47.9719543457031,135.3916015625,39.1500015258789,168.346496582031,296.753356933594,41.1032676696777,139.967361450195,381.816680908203
"2022-04-05",171.521057128906,300.737731933594,121.118370056152,158.149200439453,72.0890426635742,162.800369262695,277.203308105469,139.633483886719,36.4356079101562,25.885274887085,57.271900177002,34.4871711730957,48.1085319519043,132.499710083008,38.0149993896484,164.054992675781,292.910614013672,41.3453330993652,139.107315063477,363.753326416016
"2022-04-06",168.356384277344,289.728973388672,119.437942504883,162.262985229492,72.8906860351562,160.472412109375,271.456634521484,141.629272460938,36.0362129211426,24.3639583587646,56.1416053771973,32.8749542236328,49.2265205383301,129.519912719727,36.8349990844727,158.755996704102,285.948699951172,42.660572052002,140.342010498047,348.586669921875
"2022-04-07",168.660110473633,291.538024902344,119.074577331543,161.844482421875,74.1106338500977,159.077270507812,275.284759521484,143.462509155273,35.7548179626465,24.1653118133545,56.2395286560059,31.785120010376,49.7188148498535,128.835983276367,36.2150001525879,157.78450012207,284.040924072266,44.5083694458008,142.292037963867,352.420013427734
"2022-04-08",166.651565551758,287.281494140625,121.254608154297,162.164993286133,75.6704025268555,157.649139404297,282.886352539062,144.582305908203,36.008975982666,23.0782375335693,54.7427253723145,31.7310791015625,49.9951324462891,128.835983276367,35.5880012512207,154.460494995117,290.5869140625,44.516429901123,144.701919555664,341.829986572266
"2022-04-11",162.399261474609,275.953582763672,120.809532165527,160.134872436523,73.0649719238281,157.541809082031,278.894561767578,144.031478881836,35.9363632202148,21.8783569335938,54.1468048095703,32.0012855529785,49.0041847229004,127.64404296875,34.7999992370605,151.121994018555,290.017303466797,43.5158843994141,140.980667114258,325.309997558594
"2022-04-12",164.27067565918,272.85791015625,119.483337402344,160.188262939453,74.5898666381836,155.106567382812,278.503601074219,143.59797668457,35.5551223754883,21.4660835266113,54.5627479553223,32.9830360412598,48.6675186157227,127.829696655273,34.4099998474121,150.787506103516,289.131225585938,42.8542289733887,143.918487548828,328.983337402344
"2022-04-13",166.955276489258,278.236602783203,115.631988525391,160.865020751953,75.6442642211914,155.915573120117,282.258911132812,144.004364013672,35.2374229431152,22.1638450622559,55.2593765258789,34.2800102233887,49.9347915649414,129.304946899414,35.0429992675781,155.541000366211,291.111389160156,42.8461608886719,146.18359375,340.790008544922
"2022-04-14",161.948593139648,270.700714111328,114.560127258301,160.188262939453,76.533073425293,155.2138671875,276.894073486328,143.200607299805,34.102783203125,21.2205181121826,53.5163803100586,33.1181373596191,49.8903198242188,127.468215942383,34.1129989624023,151.706497192383,290.813018798828,42.8622970581055,146.115447998047,328.333343505859
"2022-04-18",161.733047485352,271.368194580078,116.685653686523,158.193695068359,77.1604614257812,154.503952026367,272.975158691406,141.836959838867,35.2646598815918,21.744592666626,54.6960983276367,33.1181373596191,49.5091857910156,124.83031463623,33.7859992980957,152.785003662109,298.263275146484,41.8294792175293,148.073989868164,334.763336181641
"2022-04-19",164.015914916992,275.992309570312,119.101829528809,163.019836425781,76.4720687866211,157.417999267578,279.876617431641,143.959213256836,35.9182052612305,22.1588592529297,55.7331352233887,33.8927230834961,50.071361541748,128.865295410156,34.8610000610352,158.115493774414,303.751525878906,40.4900283813477,146.319854736328,342.716674804688
"2022-04-20",163.849365234375,277.017608642578,119.519676208496,163.741058349609,76.6463394165039,157.203369140625,286.550720214844,147.78825378418,35.9999008178711,21.4441184997559,55.7424659729004,33.8026428222656,50.7002258300781,121.703941345215,22.6189994812012,153.998001098633,308.371704101562,40.1430587768555,146.915908813477,325.733337402344
"2022-04-21",163.055725097656,271.648712158203,118.593154907227,163.269165039062,75.8359603881836,155.857757568359,282.204315185547,147.672897338867,35.3191223144531,20.1474094390869,55.2770957946777,34.4871711730957,50.7764549255371,118.860900878906,21.82200050354,148.296005249023,302.259674072266,39.6266403198242,140.14616394043,336.260009765625
"2022-04-22",158.519332885742,265.089965820312,115.186897277832,161.648559570312,74.1803436279297,154.495651245117,272.884216308594,146.437835693359,34.0937080383301,19.4805889129639,54.7380676269531,33.9647827148438,49.820442199707,115.548889160156,21.5520000457764,144.350006103516,289.122161865234,38.8358879089355,137.055099487305,335.016662597656
"2022-04-25",159.587280273438,271.561645507812,115.150527954102,165.628784179688,71.6794891357422,156.551193237305,277.276062011719,147.618438720703,33.8486289978027,19.8669109344482,54.8247985839844,35.0636177062988,49.8458518981934,117.190238952637,20.9909992218018,146.074005126953,290.614135742188,39.4975471496582,134.108779907227,332.67333984375
"2022-04-26",153.630233764648,261.404205322266,111.744255065918,164.444534301758,71.7056350708008,151.111053466797,272.747802734375,145.111923217773,33.0861434936523,18.7548694610596,52.2312812805176,33.8206634521484,49.3249778747559,113.106407165527,19.8400001525879,139.391006469727,283.109588623047,39.5620918273926,133.291259765625,292.140014648438
"2022-04-27",153.404846191406,273.980102539062,110.290924072266,162.147232055664,73.7533569335938,153.876541137695,274.239074707031,144.721435546875,32.9046058654785,18.3825283050537,52.1818580627441,33.1991958618164,48.9883079528809,112.559303283691,18.8540000915527,138.167007446289,283.209075927734,40.1349945068359,133.044342041016,293.836669921875
"2022-04-28",160.331954956055,280.180999755859,112.034927368164,163.358200073242,75.9840927124023,156.980499267578,283.477447509766,148.399429321289,33.4129219055176,19.7471199035645,53.9910697937012,33.8747100830078,49.6139984130859,112.63745880127,19.9519996643066,144.596496582031,287.892608642578,40.756290435791,137.770370483398,292.503326416016
"2022-04-29",154.462997436523,268.466064453125,108.419738769531,160.686920166016,74.2849044799805,148.576736450195,273.147918701172,145.802139282227,32.38720703125,18.514289855957,51.7015686035156,33.2442283630371,48.5912857055664,109.061660766602,19.0359992980957,124.28150177002,276.210876464844,39.594367980957,133.410507202148,290.253326416016
"2022-05-02",154.766784667969,275.189392089844,109.409820556641,159.066329956055,75.2957077026367,147.420974731445,279.121856689453,143.831481933594,32.804759979248,19.4985580444336,53.7495269775391,35.4599075317383,48.2705001831055,110.888633728027,19.9459991455078,124.5,280.668395996094,39.0053291320801,136.033233642578,300.980010986328
"2022-05-03",156.25602722168,272.587158203125,111.753356933594,158.754653930664,76.8467483520508,147.041259765625,277.294189453125,141.860824584961,33.7033843994141,19.5674343109131,54.199031829834,34.1539154052734,48.4388389587402,110.9375,19.9869995117188,124.25350189209,284.501983642578,39.7718887329102,138.366485595703,303.083343505859
"2022-05-04",162.663864135742,280.519622802734,115.450302124023,160.45539855957,79.9052886962891,151.730194091797,286.705291748047,142.905181884766,35.0558776855469,20.2981433868408,56.2964172363281,33.2892723083496,49.1090049743652,113.516761779785,20.4009990692139,125.928497314453,293.046264648438,40.0704383850098,142.709320068359,317.540008544922
"2022-05-05",153.600814819336,268.301666259766,112.56175994873,157.392333984375,78.6940612792969,148.419860839844,271.974914550781,140.271560668945,34.0755615234375,18.8107738494873,54.0889892578125,32.0102920532227,48.688232421875,110.019119262695,18.8320007324219,116.406997680664,283.064361572266,39.0940933227539,141.576721191406,291.093322753906
"2022-05-06",154.326934814453,265.76708984375,112.38011932373,157.045043945312,79.8965759277344,148.527206420898,267.610382080078,141.670074462891,33.9938621520996,18.6420707702637,54.099250793457,32.460636138916,47.6745529174805,107.752494812012,18.0970001220703,114.772499084473,282.964935302734,39.5701560974121,145.349090576172,288.549987792969
"2022-05-09",149.204940795898,255.948196411133,110.69059753418,157.899871826172,73.5965042114258,149.773681640625,270.083618164062,141.315933227539,33.0135269165039,16.920108795166,52.4970664978027,30.226936340332,48.2323875427246,104.518646240234,17.3099994659424,108.789001464844,279.285003662109,39.2474098205566,135.607467651367,262.369995117188
"2022-05-10",151.608963012695,260.707733154297,107.992828369141,157.686172485352,74.08447265625,150.252532958984,264.746185302734,140.571228027344,32.4598274230957,17.5639743804932,54.2195472717285,31.1621704101562,47.5534172058105,105.202545166016,17.7660007476807,108.859001159668,275.822021484375,39.9332656860352,136.910308837891,266.679992675781
"2022-05-11",143.749313354492,252.049728393555,107.311576843262,156.831359863281,75.626823425293,146.49641418457,257.2900390625,138.591491699219,32.2873573303223,16.6006774902344,52.8878288269043,29.5277881622314,47.0561561584473,102.789367675781,16.636999130249,105.372001647949,272.648559570312,39.900993347168,138.936965942383,244.66667175293
"2022-05-12",139.88330078125,247.019378662109,107.220733642578,158.38069152832,75.9701385498047,147.478775024414,263.409545898438,138.028472900391,31.8335018157959,16.1464805603027,53.3037490844727,30.4993362426758,47.0115280151367,101.91007232666,17.4309997558594,106.93049621582,270.713531494141,40.9910507202148,140.256866455078,242.66667175293
"2022-05-13",144.347900390625,252.601150512695,108.174476623535,157.47248840332,78.2237167358398,148.236404418945,269.174377441406,139.508728027344,31.9242668151855,17.6747817993164,54.8583755493164,30.4630165100098,47.1932182312012,104.86060333252,18.7639999389648,113.055000305176,277.567077636719,40.608715057373,142.947723388672,256.529998779297
"2022-05-16",142.807357788086,252.968704223633,107.420555114746,158.567687988281,80.0635528564453,149.676849365234,269.137969970703,140.870910644531,31.5974979400635,17.2335605621338,54.338924407959,28.8286380767822,47.2442245483398,102.760070800781,18.6509990692139,110.810501098633,274.357330322266,41.2188262939453,147.324630737305,241.456665039062
"2022-05-17",146.437881469727,258.115142822266,110.98127746582,159.226608276367,81.0847015380859,152.482696533203,273.648010253906,140.471343994141,32.6686019897461,18.144947052002,56.7151489257812,30.1815452575684,41.8698425292969,106.14045715332,19.0559997558594,115.368499755859,282.973968505859,41.7638511657715,148.193206787109,253.869995117188
"2022-05-18",138.175964355469,246.36328125,109.082832336426,156.270401000977,79.7994613647461,143.399002075195,259.308685302734,131.716873168945,31.661039352417,16.9081363677979,53.2104988098145,28.6651992797852,39.0264511108398,101.900314331055,17.7189998626709,107.112503051758,277.33203125,40.9991836547852,144.286819458008,236.603332519531
"2022-05-19",134.771102905273,245.451797485352,107.465980529785,154.881317138672,80.2308044433594,139.369201660156,261.654632568359,128.683654785156,31.2707195281982,17.0938091278076,50.9387168884277,27.6845722198486,37.9553985595703,100.766990661621,18.3479995727539,107.319000244141,278.661071777344,41.2025527954102,143.256622314453,236.473327636719
"2022-05-20",135.006607055664,244.889419555664,106.584884643555,157.588195800781,80.864631652832,142.408187866211,261.136352539062,128.765380859375,30.7351703643799,16.6645641326904,50.6570739746094,26.6948623657227,37.9968414306641,100.06356048584,18.6350002288818,107.591003417969,277.395294189453,42.6830787658691,144.080795288086,221.300003051758
"2022-05-23",140.422973632812,252.733688354492,113.17945098877,160.805419921875,82.6516418457031,145.19743347168,260.08154296875,131.725952148438,32.5596656799316,16.8682022094727,49.0875396728516,26.4043083190918,39.0806427001953,103.395111083984,18.7439994812012,107.556999206543,286.265075683594,43.0166091918945,147.429107666016,224.966659545898
"2022-05-24",137.724624633789,251.735061645508,114.778137207031,162.56184387207,83.1005935668945,144.964294433594,261.800109863281,134.068969726562,32.359977722168,16.1255168914795,48.8860969543457,25.4055137634277,39.5683479309082,99.2526550292969,18.0340003967285,104.099998474121,283.860015869141,43.4477462768555,148.218948364258,209.386672973633
"2022-05-25",137.881591796875,254.546936035156,115.577476501465,160.966690063477,84.7731781005859,144.756134033203,266.937530517578,131.871231079102,32.5324401855469,16.9450702667236,49.5790023803711,28.0659255981445,39.3260917663574,100.884231567383,18.7830009460449,106.775001525879,284.719024658203,43.6917915344238,150.597152709961,219.600006103516
"2022-05-26",141.080383300781,257.824249267578,117.575828552246,160.823303222656,85.0724716186523,148.519546508789,275.339324951172,133.02458190918,33.2858352661133,17.819522857666,51.3537178039551,30.0907421112061,40.1644401550293,103.180168151855,19.1399993896484,111.077499389648,292.612243652344,43.9195709228516,151.610214233398,235.910003662109
"2022-05-27",146.830383300781,264.941375732422,119.238105773926,162.284042358398,85.9087677001953,151.974822998047,280.476654052734,135.058822631836,33.6035423278809,18.7778301239014,54.3958053588867,31.3346862792969,40.9549827575684,106.804809570312,19.5189990997314,115.146499633789,297.087768554688,43.8544807434082,153.061157226562,253.210006713867
"2022-05-31",146.045379638672,263.613006591797,120.11009979248,160.88606262207,84.5090713500977,151.74169921875,275.284759521484,134.295989990234,33.7669296264648,18.6390781402588,54.1020469665527,29.6549110412598,41.0027961730957,107.899047851562,19.7439994812012,120.209503173828,297.333465576172,43.1467628479004,149.953216552734,252.753326416016
"2022-06-01",145.917831420898,264.146331787109,118.002746582031,159.255081176758,86.1288299560547,150.059844970703,271.935791015625,132.261749267578,33.2858352661133,18.2876987457275,53.4949264526367,28.6107215881348,39.9891204833984,106.677810668945,19.2910003662109,121.68399810791,292.785034179688,42.6017303466797,151.37841796875,246.789993286133
"2022-06-02",148.370880126953,266.240631103516,119.901161193848,158.753219604492,85.9791793823242,153.257019042969,279.878173828125,133.687515258789,33.5049514770508,19.5574512481689,53.7858963012695,29.6004199981689,40.6457824707031,108.319152832031,20.5090007781982,125.511001586914,294.968231201172,42.8539123535156,151.10368347168,258.333343505859
"2022-06-03",142.650360107422,261.819183349609,118.229835510254,158.099014282227,87.2292098999023,154.439315795898,279.1552734375,132.488784790039,33.0393486022949,18.686990737915,52.5343627929688,29.0193176269531,39.947681427002,106.169761657715,19.8980007171631,122.349998474121,289.901245117188,43.2769203186035,152.477355957031,234.516662597656
"2022-06-06",143.396087646484,260.587707519531,117.839248657227,158.081100463867,87.0091400146484,155.788146972656,278.066436767578,131.97119140625,33.0028305053711,18.7528762817383,52.3394660949707,28.8013973236084,39.8042373657227,105.349090576172,19.7140007019043,124.790000915527,291.566040039062,43.3257331848145,151.816284179688,238.279998779297
"2022-06-07",145.917831420898,264.223785400391,118.148086547852,159.819625854492,90.9969177246094,154.455963134766,276.126556396484,133.442321777344,33.1854095458984,18.8926296234131,53.4361801147461,28.8740367889404,39.3260917663574,105.310005187988,19.8610000610352,123,292.475677490234,43.8951568603516,154.709548950195,238.886672973633
"2022-06-08",145.181915283203,262.197326660156,116.267822265625,158.869705200195,92.0708694458008,149.402084350586,272.246856689453,131.780426025391,32.7654571533203,18.6190547943115,52.7246246337891,29.2009143829346,38.9850120544434,104.87036895752,20.2830009460449,121.180000305176,286.262451171875,43.4965515136719,155.508010864258,241.866668701172
"2022-06-09",139.961807250977,256.748016357422,113.824363708496,155.670471191406,90.0814056396484,146.995864868164,274.378875732422,129.401123046875,31.5056133270264,18.0199851989746,51.8722381591797,29.1010303497314,38.5769882202148,100.923316955566,19.2770004272461,116.150001525879,276.747100830078,42.1217803955078,152.408706665039,239.706665039062
"2022-06-10",134.555252075195,245.306411743164,108.592330932617,154.630905151367,88.4352416992188,144.081756591797,264.661315917969,128.910690307617,30.2822647094727,16.9476528167725,50.4780235290527,27.6754894256592,38.7937545776367,97.1130523681641,18.2940006256104,109.650001525879,261.100372314453,40.6493911743164,150.58854675293,232.229995727539
"2022-06-13",129.403854370117,234.902236938477,105.358619689941,153.07160949707,84.3770294189453,143.807006835938,259.097930908203,125.459739685059,29.2323818206787,15.6227130889893,48.2724609375,26.0138721466064,38.063777923584,93.5079498291016,16.9689998626709,103.669998168945,257.734527587891,38.9736289978027,143.660125732422,215.736663818359
"2022-06-14",130.267303466797,237.064544677734,103.605529785156,150.723693847656,84.5970993041992,145.005950927734,254.989562988281,121.545669555664,28.7211360931396,15.8114175796509,48.5102691650391,26.0138721466064,38.079719543457,92.0522232055664,16.753999710083,102.309997558594,257.02490234375,38.9817657470703,143.848999023438,220.889999389648
"2022-06-15",132.887145996094,244.113723754883,104.831787109375,152.336776733398,83.5319366455078,146.438018798828,255.959487915039,120.337844848633,29.2597694396973,16.5013427734375,49.120174407959,26.467866897583,38.0542182922363,93.6740264892578,18.0109996795654,107.669998168945,263.874908447266,39.4617042541504,141.024368286133,233
"2022-06-16",127.61799621582,237.529968261719,103.033279418945,152.417449951172,80.4508895874023,143.36572265625,250.22216796875,121.073455810547,29.0771789550781,15.5767831802368,46.3662528991699,24.4339752197266,38.4494857788086,92.1108474731445,17.3349990844727,103.660003662109,259.244567871094,38.6238250732422,133.486373901367,213.100006103516
"2022-06-17",129.08984375,240.128540039062,102.669914245605,151.86181640625,75.8116912841797,142.433197021484,247.72428894043,120.201606750488,29.1410884857178,15.8553495407104,46.5033493041992,25.4600028991699,37.7067565917969,92.1694564819336,17.5510005950928,106.220001220703,254.523300170898,37.8510322570801,127.390716552734,216.759994506836
"2022-06-21",133.318908691406,246.033615112305,105.213287353516,155.043151855469,80.5301284790039,145.289001464844,246.324249267578,123.84326171875,29.990119934082,16.5402870178223,47.3703155517578,24.5792503356934,38.9435691833496,91.1436233520508,17.0909996032715,108.680000305176,259.089935302734,39.1363258361816,132.722244262695,237.036666870117
"2022-06-22",132.808685302734,245.442138671875,104.622863769531,157.489654541016,77.3434143066406,146.662796020508,246.122985839844,125.777618408203,29.7618865966797,16.3346061706543,46.6490936279297,24.3704109191895,38.471794128418,91.3487854003906,17.8889999389648,108.949996948242,258.844329833984,39.9172592163086,126.952850341797,236.086669921875
"2022-06-23",135.673873901367,250.998046875,103.47834777832,161.002548217773,75.010612487793,148.727676391602,252.015686035156,129.228576660156,29.2871608734131,16.1998119354248,46.6942367553711,24.9969272613525,39.4057769775391,92.1303863525391,18.1709995269775,112.440002441406,260.327087402344,40.7470092773438,122.282356262207,235.070007324219
"2022-06-24",139.000183105469,259.569671630859,106.566719055176,163.359420776367,76.4983215332031,152.615921020508,258.951599121094,131.090240478516,29.4971351623535,17.0994129180908,47.8705635070801,26.1137542724609,39.4376564025879,95.5303192138672,19.0849990844727,116.459999084473,275.409881591797,41.9672164916992,124.291381835938,245.706665039062
"2022-06-27",139.000183105469,256.845062255859,105.712867736816,163.207061767578,78.3733520507812,151.375335693359,258.667877197266,130.09130859375,29.5336494445801,16.8428173065186,47.5527381896973,25.9139957427979,39.5651626586914,94.3872375488281,18.9139995574951,113.220001220703,273.617736816406,42.2031288146973,126.695289611816,244.919998168945
"2022-06-28",134.859436035156,248.690414428711,105.204200744629,158.565017700195,80.5477142333984,149.801727294922,247.193542480469,127.97533416748,29.451488494873,15.9571924209595,46.8700752258301,25.4055137634277,39.0073280334473,93.7131118774414,17.9599990844727,107.400001525879,272.444305419922,41.2106857299805,128.730010986328,232.663330078125
"2022-06-29",136.615814208984,252.355575561523,104.731872558594,158.60986328125,77.5722885131836,150.809188842773,250.597427368164,129.137725830078,29.0863132476807,15.5178756713867,46.1140556335449,24.9333667755127,38.8638801574707,93.4493179321289,17.8360004425049,108.919998168945,275.891998291016,41.4384613037109,126.188743591309,228.490005493164
"2022-06-30",134.152954101562,249.029708862305,102.288429260254,159.075820922852,75.3891372680664,151.983123779297,250.963394165039,130.581680297852,28.4198665618896,15.1354713439941,45.6815071105957,23.9890594482422,38.755500793457,92.2280883789062,17.4869995117188,106.209999084473,270.197296142578,42.6505393981934,124.299949645996,224.473327636719
"2022-07-01",136.32145690918,251.696197509766,103.596435546875,160.877029418945,77.0705337524414,154.023025512695,255.364654541016,132.688568115234,28.812427520752,14.5004558563232,44.9320793151855,25.1603622436523,39.0902061462402,93.9280548095703,17.9950008392334,109.559997558594,272.207702636719,42.5529251098633,125.785224914551,227.263336181641
"2022-07-05",138.902069091797,254.866912841797,103.20240020752,159.640411376953,74.6584701538086,153.723297119141,259.619567871094,131.408081054688,28.5202903747559,14.9407711029053,44.7872695922852,25.9321537017822,39.6066055297852,94.9441146850586,18.5879993438721,113.5,270.361022949219,42.0078926086426,122.479843139648,233.066665649414
"2022-07-06",140.236557006836,258.124877929688,102.53343963623,159.783782958984,73.311637878418,154.172882080078,259.482269287109,132.63410949707,28.2829246520996,15.1065130233765,45.3805999755859,24.9606037139893,39.8871154785156,93.8694305419922,18.4060001373291,114.330001831055,267.231689453125,42.9108467102051,120.865753173828,231.733337402344
"2022-07-07",143.602142333984,260.248413085938,105.126792907715,159.963027954102,75.6532363891602,155.022109985352,262.328033447266,132.588684082031,29.0863132476807,15.8333826065063,46.8785285949707,25.269323348999,39.947681427002,95.1883697509766,18.9270000457764,116.330001831055,271.634582519531,43.455883026123,123.21817779541,244.543334960938
"2022-07-08",144.279205322266,259.530822753906,104.796905517578,159.765853881836,75.7764739990234,154.364379882812,262.126739501953,131.69873046875,29.0224094390869,15.8134136199951,46.892635345459,24.6700496673584,39.9731826782227,93.6544876098633,18.6979999542236,115.540000915527,269.696960449219,43.252513885498,122.574264526367,250.763336181641
"2022-07-11",142.149932861328,256.476531982422,103.422317504883,159.82861328125,75.3891372680664,153.73161315918,262.053497314453,132.624984741211,28.7211360931396,15.1284790039062,45.4041213989258,24.3431720733643,39.9891204833984,91.4855728149414,17.7339992523193,111.75,266.704071044922,43.0247383117676,121.492492675781,234.343338012695
"2022-07-12",143.121353149414,245.965728759766,103.523139953613,157.58821105957,74.3855819702148,149.343795776367,260.891387939453,131.453521728516,28.6298446655273,15.0585889816284,45.2640075683594,24.6155738830566,39.867992401123,91.4464797973633,17.4449996948242,109.220001220703,266.112762451172,42.3332862854004,119.268867492676,233.070007324219
"2022-07-13",142.75830078125,245.044570922852,102.551765441895,157.220779418945,74.6849136352539,148.136535644531,262.776397705078,132.31623840332,28.1551132202148,15.1404590606689,45.2978553771973,24.4521293640137,39.963623046875,90.8016738891602,17.6560001373291,110.400001525879,263.947692871094,42.1299133300781,118.470428466797,237.039993286133
"2022-07-14",145.682327270508,246.36328125,98.9687423706055,157.43586730957,73.1884002685547,148.436248779297,264.880920410156,131.925735473633,27.5069236755371,15.3481359481812,45.5714912414551,24.3340892791748,40.7446022033691,89.7269744873047,17.4780006408691,110.629997253418,256.16064453125,41.8045234680176,116.710418701172,238.313339233398
"2022-07-15",147.350433349609,248.923065185547,103.50479888916,159.721054077148,74.4208145141602,152.024765014648,267.561950683594,131.744110107422,29.4423599243164,15.7375335693359,46.4948844909668,24.8970470428467,41.1430549621582,93.0096817016602,18.9109992980957,113.550003051758,267.331726074219,42.0973815917969,118.178527832031,240.066665649414
"2022-07-18",144.308654785156,246.528091430664,102.441802978516,156.136413574219,75.7940826416016,149.934951782227,268.147552490234,130.145751953125,29.451488494873,16.0760078430176,46.1751708984375,24.5792503356934,41.047420501709,93.4981689453125,19.0919990539551,113.76000213623,274.054351806641,41.2839012145996,119.835510253906,240.546661376953
"2022-07-19",148.164825439453,251.647735595703,104.980163574219,153.860244750977,77.7043304443359,154.705749511719,274.351409912109,130.808715820312,30.4465961456299,16.9656219482422,47.8621025085449,25.8595180511475,41.2992477416992,97.3182144165039,20.1630001068115,118.209999084473,289.328155517578,41.7882537841797,124.153984069824,245.529998779297
"2022-07-20",150.166549682617,254.304504394531,104.961837768555,152.981994628906,78.558219909668,155.571685791016,276.611480712891,128.547439575195,30.4557266235352,17.7793560028076,48.1225700378418,26.2771911621094,41.6435165405273,100.972160339355,21.6439990997314,122.769996643066,292.421203613281,41.3408432006836,125.793823242188,247.5
"2022-07-21",152.433166503906,256.796447753906,105.676605224609,153.51969909668,77.2465896606445,155.704864501953,279.082092285156,128.669021606445,30.7204780578613,18.0219802856445,48.6783027648926,25.9593887329102,42.2523574829102,101.783065795898,22.3880004882812,124.629997253418,297.051452636719,41.5848846435547,124.832244873047,271.706665039062
"2022-07-22",151.196807861328,252.452545166016,105.163436889648,154.245590209961,76.6567840576172,156.512466430664,280.536987304688,130.725601196289,30.5196304321289,17.2921142578125,48.1930923461914,25.9412307739258,42.1439743041992,100.356658935547,22.0440006256104,122.419998168945,294.677093505859,41.6743659973145,123.793403625488,272.243347167969
"2022-07-25",150.078216552734,250.968978881836,105.584983825684,154.550247192383,79.2096557617188,156.454208374023,280.13427734375,131.612197875977,30.7935085296631,16.9975738525391,48.2485694885254,25.4418411254883,42.0834197998047,100.327354431152,21.8509998321533,121.139999389648,294.849975585938,42.1136474609375,127.476547241211,268.433319091797
"2022-07-26",148.753601074219,244.24951171875,103.935493469238,155.6435546875,78.9015426635742,151.142211914062,272.841583251953,131.868179321289,30.1727085113525,16.5073394775391,48.0586242675781,24.3976554870605,38.8830032348633,97.4842987060547,21.3910007476807,114.809997558594,289.783020019531,42.5447807312012,126.480644226074,258.859985351562
"2022-07-27",153.846115112305,260.578063964844,105.603302001953,155.21337890625,80.6093215942383,153.115447998047,273.509552001953,133.120376586914,30.665699005127,17.7623844146729,49.6289596557617,25.5961971282959,40.3525161743164,101.118713378906,22.6749992370605,120.970001220703,295.232086181641,42.260066986084,128.146224975586,274.820007324219
"2022-07-28",154.395614624023,268.015014648438,105.209266662598,156.109558105469,81.5512542724609,156.728958129883,274.16845703125,135.332336425781,30.4192066192627,17.9560852050781,50.1762161254883,26.8583011627197,41.3598098754883,102.486511230469,22.6019992828369,122.279998779297,299.389373779297,41.579662322998,129.11637878418,280.899993896484
"2022-07-29",159.458740234375,272.213592529297,105.713279724121,156.396331787109,85.327766418457,162.265747070312,275.367095947266,126.968925476074,30.8665504455566,18.1348056793213,50.3520584106445,26.5405025482178,42.0929794311523,103.658889770508,22.4899997711182,134.949996948242,303.282836914062,41.4074859619141,140.6123046875,297.149993896484
"2022-08-01",158.477508544922,269.566497802734,104.659439086914,155.849685668945,83.171028137207,162.640441894531,279.832427978516,130.615905761719,30.7752475738525,18.41237449646,50.4357528686523,26.2045497894287,42.2491683959961,103.776138305664,22.621000289917,135.389999389648,302.091125488281,41.4894752502441,137.80485534668,297.276672363281
"2022-08-02",157.005661010742,266.473388671875,103.028282165527,154.962509155273,82.8100967407227,161.133453369141,275.156616210938,129.74755859375,30.1635818481445,18.497241973877,49.9505386352539,26.4406280517578,42.2937889099121,102.300880432129,22.1420001983643,134.160003662109,298.270446777344,40.7352638244629,136.628601074219,300.586669921875
"2022-08-03",163.010787963867,273.890991210938,104.10961151123,156.459075927734,80.1251449584961,161.041870117188,280.335723876953,132.425704956055,30.7113475799561,18.8636722564697,51.4108619689941,28.1385631561279,41.5988922119141,106.511711120605,22.6730003356934,139.520004272461,303.082763671875,40.8746337890625,133.383346557617,307.396667480469
"2022-08-04",162.696762084961,275.035186767578,102.964134216309,153.949813842773,76.7536163330078,161.957702636719,281.067718505859,132.215484619141,30.492244720459,19.185173034668,51.9806861877441,27.2033348083496,40.0273666381836,105.632423400879,22.9909992218018,142.570007324219,301.900085449219,40.8746337890625,129.760269165039,308.633331298828
"2022-08-05",162.470764160156,274.317718505859,106.07982635498,153.340469360352,77.8627853393555,163.822738647461,283.37353515625,132.27946472168,31.003490447998,18.9595222473145,51.8528022766113,26.6857814788818,40.3493270874023,104.176696777344,22.67799949646,140.800003051758,304.447296142578,40.3909568786621,131.906631469727,288.170013427734
"2022-08-08",161.999084472656,271.806335449219,104.787719726562,152.524978637695,78.3029479980469,163.264892578125,285.459777832031,132.782180786133,30.5744075775146,17.765380859375,51.2970809936523,28.1294860839844,40.6776580810547,106.599639892578,23.3490009307861,139.410003662109,304.456359863281,40.6368942260742,131.709167480469,290.42333984375
"2022-08-09",162.048263549805,273.726257324219,105.731590270996,152.507049560547,79.7466278076172,163.731155395508,279.274230957031,132.471374511719,30.966968536377,17.059476852417,50.1000556945801,27.4425048828125,41.0793037414551,105.64217376709,22.9939994812012,137.830001831055,306.221160888672,40.8090438842773,133.42626953125,283.333343505859
"2022-08-10",166.293060302734,280.377868652344,108.489898681641,152.946151733398,80.5036926269531,168.493637084961,285.102935791016,133.723663330078,32.0168533325195,18.0689086914062,51.7559509277344,29.7599182128906,41.1653709411621,109.843254089355,24.4109992980957,142.690002441406,316.491607666016,40.9484100341797,133.778274536133,294.356658935547
"2022-08-11",165.556091308594,278.302795410156,110.093544006348,149.782745361328,82.8324966430664,170.208801269531,284.288543701172,132.773010253906,32.7837257385254,17.9141464233398,51.287670135498,29.5950393676758,41.5623626708984,114.982238769531,24.2700004577637,140.639999389648,319.921112060547,39.5875587463379,137.040756225586,286.630004882812
"2022-08-12",169.103256225586,283.044311523438,111.917144775391,148.133819580078,83.5524826049805,171.869720458984,288.131683349609,134.061828613281,33.1397743225098,18.6799545288086,52.4912757873535,30.8407592773438,42.3307228088379,118.772964477539,24.9300003051758,143.550003051758,321.867889404297,41.0795783996582,137.238204956055,300.029998779297
"2022-08-15",170.174255371094,284.556945800781,112.219535827637,148.841751098633,82.0591888427734,172.700149536133,287.875457763672,135.78938293457,33.0941200256348,19.0024604797363,52.5599212646484,30.4102535247803,42.4523849487305,121.401077270508,24.9109992980957,143.179992675781,323.714630126953,40.7844619750977,134.628219604492,309.320007324219
"2022-08-16",170.017059326172,283.820007324219,113.291702270508,150.168106079102,81.2947692871094,173.094421386719,299.560272216797,137.041580200195,33.4501762390137,18.8496894836426,51.8725471496582,31.0422763824463,44.6198234558105,122.084968566895,24.5690002441406,144.779998779297,322.914093017578,40.8746337890625,134.284820556641,306.563323974609
"2022-08-17",171.510559082031,283.071807861328,112.338684082031,150.177047729492,81.9525375366211,171.945190429688,298.078033447266,136.410903930664,33.2401962280273,18.3065376281738,50.6445007324219,30.584285736084,44.6678466796875,119.984443664551,24.1149997711182,142.100006103516,321.795104980469,40.3909568786621,135.392333984375,303.996673583984
"2022-08-18",171.11750793457,281.954345703125,111.468101501465,149.451141357422,83.8902359008789,174.520431518555,297.574676513672,136.895355224609,33.1215133666992,18.7438583374023,52.5119667053223,31.0147914886475,44.5237693786621,119.847648620605,24.5170001983643,142.300003051758,322.504730224609,39.8253021240234,137.766128540039,302.869995117188
"2022-08-19",168.533355712891,278.048187255859,108.709831237793,151.72737121582,83.6235885620117,174.839218139648,294.015197753906,136.858764648438,32.3911666870117,17.8212928771973,51.5697708129883,30.0255470275879,43.8674583435059,117.375877380371,24.1159992218018,138.229995727539,317.728820800781,40.2925796508789,136.613891601562,296.666656494141
"2022-08-22",164.652114868164,269.886047363281,106.913719177246,151.195098876953,83.5613784790039,173.136337280273,285.679412841797,136.493179321289,31.6973247528076,17.0075588226318,49.7192268371582,28.6882286071777,43.0830917358398,113.272499084473,22.6539993286133,133.220001220703,311.497436523438,40.0876388549805,135.929428100586,289.913330078125
"2022-08-23",164.318023681641,268.613159179688,105.859886169434,149.8779296875,87.10791015625,172.188461303711,280.820648193359,133.860733032227,31.4143123626709,17.1543312072754,49.8160820007324,29.4210033416748,42.9006004333496,112.217346191406,22.4549999237061,133.619995117188,309.459655761719,39.3580207824707,140.339126586914,296.453338623047
"2022-08-24",164.612808227539,267.981506347656,106.116477966309,149.381729125977,87.6234512329102,170.317855834961,281.927764892578,133.284912109375,31.5147323608398,17.1952648162842,49.9157485961914,30.7857990264893,43.2111473083496,113.731689453125,22.9610004425049,133.800003051758,311.060729980469,38.8825454711914,141.37873840332,297.0966796875
"2022-08-25",167.069274902344,270.954895019531,108.636520385742,150.780075073242,88.0767517089844,171.961959838867,283.455902099609,133.175216674805,32.0807647705078,17.8852005004883,51.7296257019043,30.6484050750732,43.4992866516113,114.757522583008,23.3980007171631,137.279998779297,315.199829101562,39.2678527832031,142.617630004883,296.070007324219
"2022-08-26",160.770904541016,260.499450683594,105.08097076416,148.19987487793,86.9923629760742,166.870208740234,272.768493652344,130.058349609375,31.0673904418945,16.2347602844238,48.9773178100586,29.0637722015381,42.1322364807129,111.445518493652,22.3279991149902,130.75,306.021026611328,38.3824729919434,141.569366455078,288.089996337891
"2022-08-29",158.569900512695,257.720550537109,104.824378967285,147.054153442383,88.9922790527344,165.477737426758,271.139739990234,129.509902954102,30.9487171173096,15.7764711380005,48.3491821289062,28.8622608184814,42.5420265197754,110.917945861816,22.4570007324219,129.789993286133,303.764984130859,37.898796081543,142.62629699707,284.820007324219
"2022-08-30",156.14289855957,255.524490356445,104.842712402344,146.53987121582,85.6057205200195,163.615524291992,268.193298339844,128.129699707031,31.1221656799316,15.4439897537231,47.6166839599609,27.9554500579834,42.4139633178711,109.843254089355,22.0650005340576,128.729995727539,303.501251220703,37.5872764587402,139.152267456055,277.700012207031
"2022-08-31",154.482330322266,254.066970825195,104.219581604004,145.556533813477,84.9657440185547,163.162551879883,265.632904052734,126.082298278809,30.6839599609375,15.0705699920654,46.9321327209473,28.0470485687256,42.4363746643066,109.501319885254,22.3560009002686,126.769996643066,304.912750244141,37.0790100097656,136.934417724609,275.609985351562
"2022-09-01",155.209487915039,253.027267456055,104.934356689453,149.165222167969,83.4369354248047,164.92414855957,270.191833496094,127.63614654541,30.7574806213379,13.9153661727905,46.2645111083984,28.4409103393555,43.0542755126953,109.940956115723,23.003999710083,127.819999694824,305.673461914062,38.2267227172852,134.751220703125,277.160003662109
"2022-09-02",153.096908569336,248.810134887695,104.201240539551,146.819564819336,84.9657440185547,164.454360961914,268.837951660156,125.369323730469,30.7207202911377,13.6258153915405,47.0365028381348,28.3035202026367,42.5804443359375,108.641555786133,22.6110000610352,127.51000213623,303.822021484375,37.4643135070801,136.752502441406,270.209991455078
"2022-09-06",151.83918762207,246.079711914062,104.22875213623,147.216522216797,84.3968811035156,164.378875732422,266.664428710938,123.970878601074,30.3807067871094,13.4440975189209,46.8465576171875,27.0028400421143,42.3691520690918,107.557090759277,21.8390007019043,126.110000610352,299.248321533203,37.513500213623,136.120040893555,274.420013427734
"2022-09-07",153.244262695312,250.782623291016,106.208106994629,148.019470214844,83.6769256591797,164.655685424805,273.967956542969,125.844635009766,30.8493709564209,13.6967821121216,47.4981956481934,28.6515922546387,43.4576683044434,110.097274780273,22.8959999084473,129.479995727539,302.978729248047,37.8168182373047,134.378692626953,283.700012207031
"2022-09-08",151.770385742188,251.200469970703,108.682327270508,149.210327148438,84.3613433837891,164.521514892578,276.205932617188,126.009178161621,31.8418483734131,13.9724340438843,48.1376190185547,29.8057117462158,43.6785736083984,109.745559692383,22.7439994812012,129.820007324219,307.396545410156,38.5956115722656,135.106430053711,289.260009765625
"2022-09-09",154.629699707031,256.972320556641,109.204658508301,149.4990234375,85.7746353149414,166.668914794922,276.086212158203,127.928657531738,32.1083450317383,14.3689374923706,49.1221313476562,30.6758880615234,43.8098373413086,112.529983520508,23.3570003509521,133.270004272461,311.722808837891,39.2186584472656,138.589126586914,299.679992675781
"2022-09-12",160.584197998047,259.100250244141,110.496772766113,149.435882568359,86.7612609863281,167.910369873047,274.032379150391,128.970657348633,32.4116020202637,14.4867877960205,49.7483787536621,31.3537082672119,44.2036209106445,113.712142944336,23.6529998779297,136.449996948242,313.995758056641,39.153076171875,140.780975341797,304.420013427734
"2022-09-13",151.161178588867,244.855392456055,106.657135009766,145.547500610352,84.7346649169922,161.652648925781,255.971694946289,126.301651000977,31.2445240020752,13.1145124435425,47.3590278625488,30.1354675292969,43.2911796569824,109.188674926758,21.8129997253418,126.819999694824,300.989868164062,37.8660011291504,138.103988647461,292.130004882812
"2022-09-14",152.605606079102,245.078857421875,106.409721374512,148.551742553711,86.8145751953125,160.184677124023,254.507354736328,126.603271484375,31.1250610351562,13.1115169525146,48.0266571044922,30.034704208374,43.195140838623,109.911659240723,22.4120006561279,128.550003051758,299.9541015625,37.8332252502441,141.448059082031,302.609985351562
"2022-09-15",149.716781616211,238.432525634766,108.013374328613,148.930648803711,84.2902221679688,155.185195922852,250.08659362793,125.625267028809,31.7131996154785,12.9127655029297,47.0289840698242,30.3369750976562,42.7309226989746,108.22144317627,23.5380001068115,126.279998779297,303.950347900391,37.6610641479492,139.152267456055,303.75
"2022-09-16",148.07585144043,237.810623168945,107.289443969727,151.204147338867,82.8502807617188,148.231231689453,254.166549682617,126.393051147461,31.3548011779785,13.1814279556274,47.2509002685547,29.8789844512939,42.6412734985352,105.759422302246,24.0130004882812,123.529998779297,298.991668701172,37.7348403930664,135.539581298828,303.350006103516
"2022-09-19",151.790023803711,237.596878051758,108.279136657715,150.013259887695,82.8413772583008,151.016174316406,258.265045166016,126.127983093262,31.8785991668701,13.3651990890503,47.188835144043,29.8057117462158,43.0062522888184,106.658264160156,24.363000869751,124.660003662109,301.237274169922,37.2511672973633,135.929428100586,309.070007324219
"2022-09-20",154.167892456055,235.585464477539,106.14395904541,148.831405639648,82.1658706665039,147.367218017578,252.5087890625,125.680099487305,31.4007396697998,13.1594543457031,46.3632278442383,29.0820960998535,42.7565269470215,105.095069885254,24.2849998474121,122.190002441406,296.287811279297,36.7019119262695,135.392318725586,308.730010986328
"2022-09-21",151.043258666992,232.184585571289,103.08325958252,147.306747436523,80.8414688110352,145.815353393555,250.114196777344,124.062271118164,30.4634075164795,13.2443494796753,45.7165679931641,28.7248687744141,43.1471138000488,102.0859375,23.6870002746582,118.540000915527,293.950653076172,36.0050926208496,134.292068481445,300.799987792969
"2022-09-22",150.080352783203,234.157119750977,101.910301208496,149.923034667969,80.5037002563477,140.807495117188,247.876174926758,124.501029968262,29.8660926818848,12.5452289581299,45.2870254516602,26.6914119720459,42.7052955627441,99.8095474243164,23.7049999237061,117.309997558594,286.810638427734,36.537956237793,134.188110351562,288.589996337891
"2022-09-23",147.810562133789,231.183731079102,100.013404846191,150.410232543945,76.2194137573242,137.846374511719,249.533966064453,123.925155639648,29.1584930419922,12.5002841949463,44.4402885437012,26.041072845459,41.6391944885254,97.2107467651367,22.6410007476807,113.779998779297,276.774261474609,36.1362571716309,125.420715332031,275.329986572266
"2022-09-26",148.144638061523,230.72705078125,97.8599166870117,149.490005493164,74.6461334228516,135.682189941406,245.518432617188,124.043991088867,28.5152263641357,12.212646484375,43.8315467834473,26.1601448059082,42.0393905639648,95.8625030517578,22.4069995880127,115.150001525879,270.037506103516,35.9313163757324,122.119911193848,276.010009765625
"2022-09-27",149.117416381836,229.71647644043,96.9985198974609,148.804382324219,76.2105178833008,138.215484619141,247.461776733398,120.634605407715,28.0925045013428,12.3974151611328,44.0676460266113,26.7280502319336,41.924129486084,93.6447219848633,22.4360008239746,114.410003662109,267.06787109375,36.1444549560547,122.171875,282.940002441406
"2022-09-28",147.230834960938,234.244583129883,98.9595718383789,150.085433959961,78.983757019043,140.186767578125,259.895202636719,120.634605407715,28.55198097229,12.7200078964233,44.1823806762695,27.8913326263428,42.6156539916992,97.1130523681641,24.5200004577637,118.01000213623,275.692687988281,36.4231872558594,126.295692443848,287.809997558594
"2022-09-29",139.9990234375,230.775650024414,97.2826080322266,148.434432983398,78.8237609863281,138.676834106445,256.340118408203,117.636573791504,28.1752090454102,12.2046575546265,42.6813735961914,27.4608268737793,42.3403244018555,95.2079086303711,23.9710006713867,114.800003051758,271.403167724609,36.2018394470215,125.420715332031,268.209991455078
"2022-09-30",135.793518066406,226.305847167969,95.7614212036133,147.37890625,77.6060333251953,135.50602722168,254.138961791992,115.397193908691,27.7524871826172,12.1237592697144,42.1010704040527,26.8196506500244,41.5239334106445,92.1596908569336,23.5440006256104,113,268.598480224609,35.8739166259766,124.467720031738,265.25
"2022-10-03",139.969528198242,233.923904418945,98.721321105957,147.234558105469,81.7036666870117,136.806228637695,261.285888671875,117.462921142578,28.5703582763672,12.4962892532349,43.3119239807129,26.6547718048096,42.4299736022949,94.8952713012695,23.9039993286133,115.879997253418,274.189544677734,36.1854476928711,131.450454711914,242.399993896484
"2022-10-04",143.555969238281,241.833450317383,103.339859008789,149.417831420898,84.6813278198242,141.671508789062,266.682861328125,118.916244506836,29.7558135986328,13.1504678726196,45.5003700256348,28.7798290252686,42.9806251525879,99.1061096191406,24.0739994049072,121.089996337891,288.597839355469,36.4477767944336,136.561904907227,249.440002441406
"2022-10-05",143.850723266602,242.14436340332,102.063934326172,148.957717895508,88.1034240722656,140.866226196289,266.949920654297,118.093605041504,29.3330936431885,13.1924133300781,45.9687881469727,28.963020324707,42.5548324584961,98.4808349609375,23.6730003356934,120.949996948242,283.217681884766,36.1690444946289,137.341598510742,240.809997558594
"2022-10-06",142.897659301758,239.802597045898,99.9836502075195,146.070755004883,90.7166748046875,138.911697387695,267.447296142578,115.607437133789,28.9103717803955,13.1135129928589,45.4662322998047,28.5874691009521,42.1578369140625,97.7383193969727,24.0020008087158,120.300003051758,279.248992919922,35.3246650695801,139.845336914062,238.130004882812
"2022-10-07",137.650588989258,227.607955932617,97.9865570068359,144.528060913086,89.801139831543,133.492828369141,261.856811523438,113.587394714355,28.2579154968262,12.0608377456665,43.6627616882324,28.3035202026367,41.1589584350586,94.9245834350586,22.4750003814697,114.559997558594,275.95849609375,34.6934242248535,138.641098022461,223.070007324219
"2022-10-10",137.974884033203,222.759216308594,97.0712280273438,144.717514038086,87.8545455932617,133.996109008789,260.143859863281,113.121238708496,28.1752090454102,11.655345916748,41.5027542114258,27.7814159393311,41.4022827148438,92.9706115722656,22.9979991912842,113.669998168945,275.463531494141,34.226146697998,136.137344360352,222.960006713867
"2022-10-11",136.559921264648,219.027938842773,94.269775390625,146.810531616211,87.10791015625,133.719314575195,260.539855957031,113.550834655762,27.3573379516602,11.5714511871338,40.8447113037109,28.0745258331299,42.4747924804688,90.9579925537109,21.4290008544922,112.209999084473,269.661712646484,34.3655166625977,136.163360595703,216.5
"2022-10-12",135.931106567383,219.358352661133,95.7953109741211,146.774459838867,87.490104675293,133.778015136719,258.357116699219,113.733642578125,27.4400424957275,11.4855604171753,40.8266868591309,29.5950393676758,41.9945526123047,91.2608642578125,22.0869998931885,112.900001525879,270.669952392578,34.4556884765625,136.570556640625,217.240005493164
"2022-10-13",140.500137329102,227.607955932617,101.120880126953,148.993804931641,90.5477752685547,137.284378051758,260.484527587891,115.452033996582,29.1217365264893,11.9449825286865,41.5283584594727,30.3186588287354,42.3499298095703,94.4165420532227,23.2509994506836,112.529998779297,281.44873046875,35.234489440918,143.189437866211,221.720001220703
"2022-10-14",135.970413208008,222.088729858398,102.803604125977,148.371307373047,88.1656341552734,135.623489379883,254.590209960938,114.327766418457,29.1309261322021,11.2129030227661,40.4976654052734,29.3660488128662,41.7576522827148,92.2769317626953,23,106.900001525879,274.959442138672,35.1361198425293,138.736404418945,204.990005493164
"2022-10-17",139.930221557617,230.804809570312,107.121368408203,150.292938232422,89.4367141723633,138.173583984375,259.038665771484,116.393493652344,30.895320892334,11.8730735778809,41.2818298339844,29.7324333190918,42.05859375,95.0906753540039,24.5100002288818,113.790000915527,281.118774414062,35.783748626709,139.750045776367,219.350006103516
"2022-10-18",141.246887207031,231.747299194336,109.876602172852,149.769668579102,89.5967025756836,140.077713012695,262.538391113281,117.334938049316,32.0532073974609,11.9519748687744,41.2306289672852,30.2453746795654,42.945426940918,96.2142105102539,24.0860004425049,116.360000610352,287.662994384766,36.1444549560547,140.971588134766,220.190002441406
"2022-10-19",141.354965209961,229.78450012207,107.722351074219,148.578811645508,92.2543869018555,139.071090698242,253.724548339844,118.422660827637,31.1710052490234,12.03586769104,41.2751846313477,30.0621852874756,42.8237648010254,96.7124710083008,27.238000869751,115.069999694824,285.747406005859,35.3410568237305,145.545913696289,222.039993286133
"2022-10-20",140.893157958984,229.463851928711,107.370994567871,148.957717895508,92.3788299560547,135.036270141602,248.170928955078,116.897354125977,30.9688358306885,12.1786890029907,40.8010902404785,29.7965545654297,42.9294090270996,96.3216705322266,26.8159999847412,115.25,284.876647949219,35.1770935058594,146.37760925293,207.279998779297
"2022-10-21",144.705612182617,235.264831542969,113.01091003418,152.205551147461,94.0943145751953,138.869812011719,253.761306762695,118.360977172852,32.1175270080566,12.450345993042,42.6434516906738,30.4102535247803,43.7970314025879,99.6922988891602,28.9570007324219,119.319999694824,297.974365234375,36.8494758605957,150.042221069336,214.440002441406
"2022-10-24",146.847640991211,240.249588012695,113.149597167969,154.253448486328,94.7520751953125,140.547454833984,260.880676269531,119.088180541992,32.2278060913086,12.5831823348999,43.2872734069824,29.5858821868896,44.6326332092285,99.3796768188477,28.2450008392334,119.819999694824,301.273956298828,37.3331527709961,149.990203857422,211.25
"2022-10-25",149.687286376953,243.563034057617,113.445465087891,154.009887695312,94.1120986938477,140.086090087891,267.327514648438,120.459770202637,32.5218734741211,13.2443494796753,43.6238861083984,30.107982635498,44.8439254760742,101.958930969238,29.1019992828369,120.599998474121,304.665252685547,37.3741340637207,151.54963684082,222.419998168945
"2022-10-26",146.749389648438,224.770614624023,114.749130249023,155.363128662109,95.232063293457,141.75537109375,267.226287841797,121.306671142578,32.8067474365234,12.8798065185547,43.7291374206543,30.4468955993652,45.1864929199219,102.222717285156,29.8619995117188,115.660003662109,307.680786132812,37.7594413757324,153.420944213867,224.639999389648
"2022-10-27",142.278594970703,220.330017089844,115.202163696289,155.453353881836,95.5964813232422,139.658309936523,268.064331054688,121.398712158203,32.9629783630371,13.1594543457031,43.1810760498047,31.7200965881348,45.0552291870117,102.037086486816,29.6940002441406,110.959999084473,309.04638671875,37.4971046447754,154.122680664062,225.089996337891
"2022-10-28",153.028106689453,229.191787719727,116.570541381836,157.762924194336,98.396369934082,140.228668212891,275.054718017578,124.473274230957,33.2478485107422,13.8166303634644,44.8404235839844,33.1673278808594,45.6251106262207,103.512344360352,29.57200050354,103.410003662109,313.299194335938,38.8825454711914,155.924682617188,228.520004272461
"2022-10-31",150.669906616211,225.557678222656,116.385620117188,156.950958251953,98.4941482543945,140.731994628906,272.733795166016,123.966979980469,33.119197845459,13.480052947998,44.5768241882324,32.8009376525879,45.5674705505371,104.088768005371,29.1879997253418,102.440002441406,315.764801025391,38.1611366271973,156.721694946289,227.539993286133
"2022-11-01",148.026733398438,221.70979309082,118.484397888184,156.157028198242,99.4718933105469,140.421600341797,272.669342041016,124.160308837891,33.2662315368652,13.5259952545166,44.3663291931152,31.2621116638184,45.3625831604004,103.561195373535,28.6749992370605,96.7900009155273,319.495208740234,39.3580207824707,157.865310668945,227.820007324219
"2022-11-02",142.504608154297,213.868316650391,117.393417358398,153.757263183594,97.4275360107422,138.056091308594,265.918487548828,122.374473571777,33.1651420593262,13.2024021148682,43.2408180236816,29.6408386230469,45.0616340637207,99.4773635864258,27.2999992370605,92.120002746582,320.604278564453,38.5874176025391,154.642501831055,214.979995727539
"2022-11-03",136.461654663086,208.18391418457,117.606048583984,154.018936157227,98.7519302368164,137.57795715332,259.259674072266,121.536796569824,32.9813423156738,13.4041471481323,42.1115036010742,30.4835357666016,45.0520324707031,96.9664916992188,26.9060001373291,89.3000030517578,319.760986328125,38.5047340393066,156.921005249023,215.309997558594
"2022-11-04",136.19596862793,215.121765136719,120.823585510254,154.704559326172,99.8274230957031,138.987228393555,261.589752197266,123.755271911621,33.8084106445312,14.1382255554199,44.1197891235352,30.93235206604,45.1320762634277,97.2889022827148,26.0790004730225,90.9800033569336,328.046722412109,39.0421676635742,158.904891967773,207.470001220703
"2022-11-07",136.727416992188,221.41828918457,121.461540222168,156.05778503418,101.009628295898,141.872817993164,267.336761474609,125.651550292969,34.0105781555176,14.2830419540405,45.0604057312012,30.6850433349609,45.605899810791,98.1193389892578,25.8600006103516,90.5299987792969,332.308685302734,38.9346885681152,160.802215576172,197.080001831055
"2022-11-08",137.298294067383,222.389984130859,121.535507202148,156.833648681641,101.329605102539,141.587600708008,268.138092041016,125.936882019043,34.1024780273438,14.583664894104,45.7137184143066,30.9781513214111,45.7147483825684,97.6015472412109,26.3460006713867,89.9800033569336,333.646881103516,39.1496543884277,160.568298339844,191.300003051758
"2022-11-09",132.741333007812,218.153427124023,119.954498291016,155.579666137695,96.7964324951172,137.57795715332,264.094818115234,125.633110046387,33.5602951049805,13.7587013244629,44.515193939209,30.2728576660156,44.6518478393555,84.7540969848633,25.4659996032715,86.1399993896484,331.795471191406,38.6287689208984,154.148666381836,177.589996337891
"2022-11-10",144.551956176758,236.100494384766,124.891723632812,157.40202331543,98.218620300293,145.900909423828,287.073669433594,129.959579467773,35.0398101806641,15.730224609375,48.033031463623,33.2497634887695,45.5770797729492,88.3787307739258,27.4969997406006,96.629997253418,346.744598388672,39.1744537353516,157.068267822266,190.720001220703
"2022-11-11",147.337295532227,240.113525390625,125.095138549805,152.692687988281,101.285163879395,150.87092590332,290.057708740234,129.76628112793,35.2971229553223,16.3065013885498,49.1253433227539,33.744384765625,45.6475105285645,92.8240509033203,29.0130004882812,100.790000915527,353.032257080078,39.3563652038574,161.538604736328,195.970001220703
"2022-11-14",145.939697265625,234.710968017578,123.80997467041,155.092514038086,101.580848693848,150.532241821289,282.671356201172,129.775451660156,34.6997985839844,16.2745418548584,48.6635665893555,33.6244316101074,44.3060684204102,92.1108474731445,29.9270000457764,98.4899978637695,350.456665039062,40.7123336791992,161.616592407227,190.949996948242
"2022-11-15",147.671920776367,235.119049072266,122.913116455078,155.525527954102,102.26180267334,153.648086547852,287.285461425781,129.324432373047,34.6446571350098,16.645076751709,49.7255668640137,33.9750671386719,47.2034645080566,93.3125457763672,31.0200004577637,98.9400024414062,350.933319091797,40.1583633422852,162.916107177734,194.419998168945
"2022-11-16",146.441665649414,235.547805786133,123.079559326172,156.490859985352,101.168685913086,149.914184570312,290.030120849609,130.47509765625,34.3322257995605,15.8900241851807,48.5222930908203,34.1873054504395,47.5428314208984,91.7884368896484,30.6019992828369,97.120002746582,350.429168701172,39.7284240722656,160.265090942383,186.919998168945
"2022-11-17",148.341156005859,235.499099731445,122.543273925781,157.75390625,101.303062438965,149.067489624023,286.834197998047,129.674194335938,34.1576118469238,15.6573162078857,48.5583152770996,34.5840759277344,47.382755279541,89.3459625244141,29.5279998779297,94.8499984741211,348.091979980469,39.9599304199219,160.71907043457,183.169998168945
"2022-11-18",148.90217590332,235.050857543945,123.745223999023,158.962814331055,100.424995422363,151.531372070312,288.436737060547,131.23908996582,34.1759872436523,15.3896532058716,48.8475227355957,33.6982536315918,48.0966987609863,89.6879043579102,28.7980003356934,94.1399993896484,347.560363769531,39.877254486084,159.758712768555,180.190002441406
"2022-11-21",145.673980712891,235.859619140625,123.014823913574,159.779998779297,99.4304122924805,152.919906616211,291.752319335938,132.905258178711,34.2862777709961,15.2977666854858,49.0637168884277,33.0062065124512,48.3912239074707,95.3349227905273,28.5049991607666,92.4599990844727,348.485992431641,39.8359107971191,158.230880737305,167.869995117188
"2022-11-22",147.809692382812,238.763427734375,124.854736328125,160.551803588867,102.306625366211,154.723373413086,299.21240234375,134.046676635742,34.4516830444336,16.0178623199463,50.259391784668,33.6428833007812,48.5641174316406,93.9964447021484,28.6690006256104,93.1999969482422,351.840698242188,40.5800437927246,162.290542602539,169.910003662109
"2022-11-23",148.685684204102,241.248184204102,126.186134338379,160.724319458008,101.795890808105,154.808029174805,296.108642578125,134.810745239258,34.5619659423828,16.4982624053955,50.5998039245605,33.6244316101074,48.7978286743164,96.6050109863281,29.1499996185303,94.129997253418,354.022064208984,40.3898811340332,160.850036621094,183.199996948242
"2022-11-25",145.772369384766,241.160491943359,126.426528930664,160.933197021484,101.437484741211,154.537078857422,300.593811035156,135.059310913086,34.6446571350098,16.2495670318604,50.2461242675781,34.0304374694824,49.0059356689453,96.5952377319336,28.5540008544922,93.4100036621094,356.414306640625,40.6875228881836,160.378570556641,182.860000610352
"2022-11-28",141.943771362305,235.577072143555,124.216781616211,161.014862060547,98.3910522460938,152.327239990234,293.723266601562,134.948837280273,33.8727378845215,15.8071279525757,49.5160102844238,33.5690689086914,49.1467971801758,93.4884033203125,28.117000579834,93.9499969482422,350.456665039062,40.9851837158203,155.716506958008,182.919998168945
"2022-11-29",138.941909790039,234.183609008789,126.26008605957,159.888977050781,99.0451354980469,156.543716430664,290.997131347656,133.917831420898,34.0013999938965,15.61936378479,49.4382553100586,32.2772369384766,48.9739189147949,92.5114135742188,28.0960006713867,92.4199981689453,351.694000244141,40.9190406799316,158.04753112793,180.830001831055
"2022-11-30",145.693634033203,248.614852905273,127.757911682129,161.623245239258,99.7619323730469,160.641662597656,300.197906494141,137.305374145508,34.7825050354004,16.9060726165771,52.248722076416,32.3326034545898,48.7978286743164,95.6182556152344,30.55299949646,96.5400009155273,356.251525878906,41.4481964111328,160.038055419922,194.699996948242
"2022-12-01",145.96923828125,248.176361083984,125.964241027832,162.295120239258,99.2780990600586,161.031143188477,303.051696777344,137.388214111328,33.7842254638672,17.117862701416,52.2221794128418,31.9727363586426,49.1019821166992,96.3216705322266,31.6949996948242,95.5,354.092712402344,42.2336692810059,159.322204589844,194.699996948242
"2022-12-02",145.477127075195,248.497924804688,124.965698242188,162.422286987305,98.4358444213867,160.353790283203,303.904144287109,138.640121459961,33.349796295166,16.8591213226318,51.2787132263184,30.6716861724854,49.0539512634277,97.1423568725586,32.0410003662109,94.129997253418,351.11279296875,42.0931129455566,158.04753112793,194.860000610352
"2022-12-05",144.315719604492,243.801193237305,121.461540222168,162.331466674805,95.7388458251953,153.385589599609,296.575042724609,137.240936279297,31.8616256713867,16.593391418457,50.3153343200684,29.5459480285645,48.5513076782227,93.7228775024414,31.2590007781982,91.0100021362305,342.772735595703,41.9442825317383,154.14501953125,182.449996948242
"2022-12-06",140.654479980469,238.851104736328,121.66495513916,159.898040771484,93.0776824951172,148.254669189453,294.13818359375,137.415802001953,30.5028591156006,15.9710111618042,49.8583145141602,29.3244934082031,47.9878349304199,90.166633605957,30.5559997558594,88.25,334.810974121094,41.1009330749512,150.172622680664,179.820007324219
"2022-12-07",138.715560913086,238.120300292969,121.581733703613,160.869613647461,92.8716125488281,147.890594482422,296.639862060547,138.299575805664,30.2625331878662,16.1038799285889,49.1642265319824,29.0753574371338,47.7381210327148,90.0298538208008,30.8419990539551,88.4599990844727,332.052459716797,41.5391464233398,150.617919921875,174.039993286133
"2022-12-08",140.398559570312,241.072799682617,122.85765838623,160.896865844727,93.5615386962891,152.09016418457,300.29052734375,139.293716430664,29.985237121582,17.1518306732178,50.3570709228516,30.1549530029297,47.8120460510254,90.4206466674805,31.0259990692139,90.3499984741211,330.354888916016,42.8124389648438,151.508422851562,173.440002441406
"2022-12-09",139.916305541992,239.143417358398,122.191955566406,159.571151733398,92.7730407714844,150.405258178711,296.945648193359,138.925476074219,29.929780960083,16.9839992523193,51.6504058837891,30.4779148101807,46.696907043457,91.2315521240234,32.0009994506836,89.0899963378906,331.332794189453,42.7628288269043,146.671752929688,179.050003051758
"2022-12-12",142.209503173828,246.052108764648,124.087326049805,161.477951049805,95.0578689575195,154.545547485352,303.894927978516,140.352310180664,30.2532958984375,17.5174674987793,52.7797241210938,31.0315475463867,47.5678062438965,92.4821090698242,31.5179996490479,90.5500030517578,335.059967041016,43.1266288757324,148.199584960938,167.820007324219
"2022-12-13",143.174102783203,250.349319458008,123.967140197754,162.721908569336,96.0972366333008,155.663192749023,308.444366455078,140.140594482422,30.2717800140381,18.0539264678955,54.146068572998,31.2437801361084,47.3974800109863,92.5211868286133,32.0340003967285,92.4899978637695,340.143432617188,43.8790283203125,151.499694824219,160.949996948242
"2022-12-14",140.949722290039,250.641693115234,123.347663879395,163.221328735352,95.3893966674805,156.052658081055,308.944641113281,140.69287109375,29.8373432159424,17.6563262939453,54.4684600830078,31.7143707275391,47.133960723877,91.9838409423828,31.7830009460449,91.5800018310547,332.476837158203,45.0448417663574,150.452041625977,156.800003051758
"2022-12-15",134.345596313477,242.641632080078,120.287322998047,161.16015625,94.4754791259766,153.427932739258,303.542816162109,139.100387573242,29.3659381866455,16.9350471496582,52.9096183776855,30.9946441650391,46.7129859924316,88.4080352783203,29.0410003662109,88.4499969482422,322.743682861328,44.325511932373,149.325790405273,157.669998168945
"2022-12-16",132.387023925781,238.432113647461,119.538414001465,159.507614135742,93.8124160766602,150.879409790039,299.595611572266,138.483657836914,29.3012351989746,16.5544261932373,52.7114448547363,29.9334964752197,45.8742332458496,88.0074768066406,29.0709991455078,87.8600006103516,319.533142089844,42.4982528686523,147.300354003906,150.229995727539
"2022-12-19",130.280776977539,234.300567626953,120.250343322754,159.335113525391,94.2335357666016,151.074111938477,294.026947021484,138.446807861328,29.6339950561523,16.2377471923828,52.5508193969727,28.3925323486328,45.8902931213379,83.8064041137695,28.8299999237061,84.9199981689453,317.927856445312,42.4651794433594,148.313049316406,149.869995117188
"2022-12-20",130.211883544922,235.615997314453,120.832855224609,159.507614135742,95.5954971313477,147.010055541992,291.719818115234,138.502075195312,29.7541522979736,16.0689144134521,52.0144386291504,28.3925323486328,46.2919998168945,85.0178833007812,28.8190002441406,85.1900024414062,317.817138671875,42.4321060180664,150.748886108398,137.800003051758
"2022-12-21",133.312194824219,238.178787231445,122.191955566406,161.33268737793,96.8230133056641,149.592437744141,295.907897949219,139.772369384766,30.2070770263672,16.4844970703125,53.659912109375,28.8077640533447,46.6551361083984,84.9201812744141,29.7959995269775,86.7699966430664,323.048156738281,42.7132225036621,152.521148681641,137.570007324219
"2022-12-22",130.143020629883,232.098388671875,120.80509185791,160.74250793457,94.8697128295898,148.686492919922,292.905792236328,140.09455871582,29.9390163421631,15.3236589431763,52.8816375732422,29.3244934082031,46.1088180541992,84.6759338378906,29.7749996185303,83.7900009155273,318.822723388672,42.6966819763184,150.233779907227,125.349998474121
"2022-12-23",129.778869628906,232.624542236328,121.378311157227,161.151062011719,97.3785629272461,149.871841430664,295.324157714844,140.490386962891,30.0129699707031,15.1907930374146,52.818531036377,29.5828609466553,46.202018737793,85.985107421875,29.496000289917,85.25,318.758209228516,42.8537826538086,154.878372192383,123.150001525879
"2022-12-27",127.977729797363,230.899810791016,121.803634643555,161.105651855469,98.7315368652344,149.804092407227,296.083953857422,141.71467590332,30.0684261322021,14.106879234314,52.9246559143066,29.2045345306396,46.2148780822754,84.3828430175781,28.4169998168945,83.0400009155273,315.492279052734,42.2750129699707,156.825286865234,109.099998474121
"2022-12-28",124.050712585449,228.531951904297,122.469345092773,160.406539916992,97.109733581543,146.993118286133,292.544494628906,139.882827758789,30.2902660369873,14.0219631195068,52.0976181030273,29.1030387878418,45.4050483703613,82.2334518432617,27.6879997253418,81.8199996948242,314.477416992188,42.0021629333496,154.511688232422,112.709999084473
"2022-12-29",127.564331054688,234.846221923828,123.172027587891,161.223693847656,97.8444900512695,148.805038452148,296.880798339844,140.462753295898,30.632266998291,14.5883941650391,53.3329200744629,29.3337211608887,45.6814117431641,85.1741943359375,29.1119995117188,84.1800003051758,316.839172363281,42.440372467041,155.681594848633,121.819999694824
"2022-12-30",127.879302978516,233.686676025391,123.985633850098,160.397445678711,98.8300933837891,147.187866210938,292.664886474609,139.514602661133,30.6137771606445,14.5993843078613,53.4591293334961,29.2598991394043,45.5657196044922,84.8810958862305,29.488000869751,84,316.793060302734,42.365966796875,156.703033447266,123.180000305176
"2023-01-03",123.09602355957,233.452789306641,124.928688049316,161.795761108398,95.4341888427734,148.407089233398,292.711242675781,139.523818969727,30.9742679595947,14.3006830215454,52.9189147949219,29.8504505157471,46.1473846435547,86.9230194091797,29.4950008392334,85.8199996948242,319.413146972656,42.3824996948242,151.901306152344,108.099998474121
"2023-01-04",124.365669250488,223.240814208984,126.093658447266,163.557281494141,95.7119598388672,149.956497192383,296.250762939453,140.131393432617,31.5565948486328,14.7342500686646,53.5652503967285,31.2345523834229,46.1987991333008,89.8637542724609,30.9409999847412,85.1399993896484,320.778625488281,41.4481964111328,150.286148071289,113.639999389648
"2023-01-05",123.046821594238,216.624450683594,126.065727233887,162.349624633789,97.8534240722656,147.187866210938,292.303588867188,138.391555786133,31.4918937683105,14.2507362365723,53.066162109375,31.3268260955811,46.0413360595703,89.8051376342773,30.9699993133545,83.120002746582,317.143615722656,41.0595970153809,152.992599487305,110.339996337891
"2023-01-06",127.574211120605,219.177459716797,128.478057861328,163.666229248047,99.0361785888672,151.514389038086,294.212249755859,141.687072753906,31.8061637878418,14.8441410064697,56.2605285644531,32.6832427978516,47.169319152832,91.7591247558594,31.5550003051758,86.0800018310547,321.129211425781,42.1013793945312,154.14501953125,113.059997558594
"2023-01-09",128.095840454102,221.311477661133,127.947151184082,159.425888061523,97.1903839111328,153.834335327148,294.471740722656,139.956466674805,31.325511932373,15.6123704910278,55.1571884155273,34.6578979492188,46.5812301635742,92.5895614624023,31.5170001983643,87.3600006103516,325.668273925781,40.0095405578613,152.940170288086,119.769996643066
"2023-01-10",128.666656494141,222.997222900391,129.092788696289,159.044525146484,98.6419372558594,151.362014770508,297.084564208984,139.818374633789,31.5381126403809,15.8930892944336,54.969783782959,35.5437240600586,46.5523071289062,93.3613891601562,32.7540016174316,89.870002746582,329.690612792969,39.3728942871094,153.691040039062,118.849998474121
"2023-01-11",131.383117675781,229.740219116211,130.052154541016,158.790283203125,99.788818359375,154.291534423828,304.839965820312,138.686172485352,31.7784309387207,15.98499584198,55.2766914367676,35.4237632751465,46.9604225158691,94.1136856079102,32.726001739502,95.0899963378906,336.259429931641,39.2323379516602,152.957656860352,123.220001220703
"2023-01-12",131.304397583008,232.410171508789,129.921722412109,157.991271972656,101.446449279785,154.901168823242,305.646087646484,137.903701782227,31.8616256713867,16.4944858551025,55.6400146484375,35.1192665100098,46.5362281799316,97.5136108398438,33.0130004882812,95.2699966430664,341.296600341797,39.4473075866699,154.599014282227,123.559997558594
"2023-01-13",132.633087158203,233.111724853516,133.200286865234,157.473709106445,101.383728027344,154.22380065918,306.887664794922,138.888656616211,32.5641136169434,16.8820991516113,55.3589248657227,35.5437240600586,46.6904907226562,97.1130523681641,33.2820014953613,98.120002746582,345.042266845703,39.563060760498,155.018051147461,122.400001525879
"2023-01-17",133.794464111328,234.203094482422,131.141876220703,156.502136230469,101.186599731445,151.556747436523,303.477966308594,138.483657836914,31.907844543457,17.6842994689941,55.3818664550781,34.9531707763672,46.4076919555664,97.6113128662109,32.6220016479492,96.0500030517578,322.826690673828,38.0996017456055,157.576110839844,131.490005493164
"2023-01-18",133.075942993164,229.779205322266,127.202041625977,154.141372680664,99.1078643798828,149.626327514648,299.919860839844,134.77392578125,31.1683826446533,17.3596248626709,54.9085922241211,34.9254875183105,45.2604331970215,96.7613296508789,32.632999420166,95.4599990844727,322.061004638672,37.2066383361816,154.729965209961,128.779998779297
"2023-01-19",133.135025024414,225.998428344727,125.506866455078,153.932525634766,99.744010925293,149.143692016602,288.050689697266,131.923690795898,30.7154598236084,16.7482318878174,53.8501815795898,34.5656204223633,44.6145095825195,96.800407409668,31.5779991149902,93.6800003051758,323.592468261719,37.1735649108887,156.275253295898,127.169998168945
"2023-01-20",135.693969726562,234.076416015625,125.814239501953,153.215194702148,101.562934875488,150.82014465332,291.868041992188,132.433181762695,31.2885398864746,17.8211631774902,54.5729942321777,35.9958572387695,45.1640243530273,101.099166870117,34.25,97.25,315.372344970703,37.2975921630859,157.934020996094,133.419998168945
"2023-01-23",138.882873535156,236.376068115234,127.854049682617,152.824752807617,101.034286499023,152.809829711914,292.312805175781,130.654663085938,31.7229747772217,19.173807144165,55.6103744506836,37.7675170898438,45.8388786315918,103.258331298828,35.742000579834,97.5199966430664,322.107116699219,37.1901092529297,157.724517822266,143.75
"2023-01-24",140.280456542969,235.849899291992,128.953063964844,152.824752807617,101.975082397461,152.394989013672,294.360595703125,131.367935180664,31.9540500640869,19.2457294464111,55.9354553222656,34.7409439086914,45.9609985351562,103.561195373535,36.382999420166,96.3199996948242,321.359802246094,36.9668617248535,157.872924804688,143.889999389648
"2023-01-25",139.621032714844,234.456466674805,129.577117919922,153.914367675781,101.437484741211,150.252868652344,293.962127685547,131.275299072266,32.2313613891602,19.3036766052246,55.9976043701172,35.0362129211426,45.7424736022949,105.632423400879,36.7960014343262,97.1800003051758,322.559173583984,37.2645225524902,156.345108032227,144.429992675781
"2023-01-26",141.687866210938,241.657455444336,130.378128051758,153.35139465332,105.514343261719,152.149444580078,290.765441894531,130.747314453125,32.6657905578613,19.7821922302246,57.2309913635254,35.8020896911621,45.7006912231445,107.176071166992,36.4869995117188,99.2200012207031,327.485656738281,36.9224090576172,163.949325561523,160.270004272461
"2023-01-27",143.626770019531,241.813369750977,130.69482421875,152.752136230469,103.587898254395,154.17301940918,293.433929443359,130.210037231445,32.7674674987793,20.344633102417,56.505298614502,35.7374992370605,46.0509719848633,107.019744873047,36.0769996643066,102.23999786377,326.314025878906,36.5385894775391,156.668106079102,177.899993896484
"2023-01-30",140.743041992188,236.502731323242,129.586441040039,147.095321655273,101.751098632812,149.837936401367,291.163848876953,130.617614746094,32.6288185119629,19.1428375244141,55.5931739807129,35.3314933776855,45.6814117431641,105.114601135254,35.3110008239746,100.550003051758,329.782928466797,36.3383331298828,152.084625244141,166.660003662109
"2023-01-31",142.012664794922,241.472305297852,130.35954284668,148.384658813477,103.946311950684,156.831588745117,300.364715576172,131.886657714844,32.7952003479004,19.517463684082,55.9335517883301,36.2173194885254,46.2341537475586,105.99390411377,35.3860015869141,103.129997253418,337.486389160156,36.8473129272461,151.927474975586,173.220001220703
"2023-02-01",143.134689331055,246.285980224609,130.014862060547,149.746658325195,102.808380126953,156.619918823242,303.996795654297,132.636962890625,33.201904296875,20.9220561981201,57.6296920776367,35.6544532775879,46.4912414550781,106.873199462891,36.1990013122559,105.150001525879,337.394134521484,36.6887817382812,149.605194091797,181.410003662109
"2023-02-02",148.43962097168,257.832946777344,129.409484863281,150.309585571289,99.5917053222656,161.962539672852,314.837615966797,131.692138671875,33.3960113525391,21.6872901916504,57.9184379577637,37.2138671875,46.15380859375,110.605308532715,36.6889991760254,112.910003662109,340.863067626953,36.9975128173828,147.553497314453,188.270004272461
"2023-02-03",152.0615234375,251.742767333984,131.411987304688,149.465179443359,100.281631469727,162.275787353516,307.156433105469,132.099731445312,33.6733093261719,21.0788993835449,57.1392021179199,36.4018630981445,45.5400199890137,108.162826538086,36.5900001525879,103.389999389648,341.305877685547,36.7638778686523,147.937652587891,189.979995727539
"2023-02-06",149.335266113281,250.203140258789,132.18505859375,148.330169677734,100.111396789551,159.820404052734,305.090148925781,130.97883605957,33.6178512573242,21.0679092407227,57.4910621643066,36.3003616333008,45.2090187072754,107.342163085938,36.1479988098145,102.180000305176,342.089996337891,36.5135536193848,148.103515625,194.759994506836
"2023-02-07",152.20915222168,260.717224121094,133.796401977539,148.366485595703,102.969665527344,159.422454833984,301.319030761719,129.700561523438,33.9875831604004,22.1508235931396,58.7483444213867,36.4295501708984,45.3054237365723,109.061660766602,36.2949981689453,102.110000610352,345.411254882812,36.3717002868652,151.988571166992,196.809997558594
"2023-02-08",149.522232055664,259.908447265625,132.855667114258,148.557174682617,102.073638916016,157.788345336914,297.23291015625,128.357452392578,33.7380065917969,22.1827907562256,57.5302505493164,35.211540222168,45.0611839294434,109.208206176758,36.6829986572266,100.050003051758,346.05712890625,36.6971206665039,148.417816162109,201.289993286133
"2023-02-09",148.488815307617,256.877990722656,130.787948608398,146.550491333008,102.458923339844,156.425216674805,292.377655029297,126.94945526123,33.017032623291,22.3146572113037,57.3103523254395,35.0085372924805,45.4789581298828,107.82088470459,36.25,98.2399978637695,339.497619628906,36.1631011962891,147.055908203125,207.320007324219
"2023-02-10",148.853530883789,256.371307373047,131.365417480469,147.231491088867,106.777702331543,156.823135375977,293.294982910156,128.070281982422,32.887638092041,21.2437305450439,56.7213821411133,34.8239936828613,46.1859550476074,105.573799133301,34.7360000610352,97.6100006103516,342.532867431641,36.6136779785156,150.137756347656,196.889999389648
"2023-02-13",151.652984619141,264.381103515625,132.790466308594,147.776306152344,106.362373352051,158.677398681641,299.771667480469,129.746887207031,32.9523391723633,21.7662086486816,57.4738426208496,35.5806312561035,46.8897285461426,105.183006286621,35.8569984436035,99.5400009155273,345.060699462891,36.7054710388184,149.299621582031,194.639999389648
"2023-02-14",151.012252807617,265.209350585938,133.377258300781,147.131622314453,105.116355895996,158.135513305664,295.046173095703,129.015121459961,32.9246063232422,22.9480266571045,57.5876197814941,35.5621757507324,46.754753112793,105.183006286621,35.9959983825684,99.6999969482422,342.994110107422,36.4801826477051,150.443313598633,209.25
"2023-02-15",153.111846923828,263.089508056641,133.936096191406,144.707260131836,104.800331115723,158.194763183594,297.140258789062,128.718704223633,32.8691482543945,22.7412338256836,58.1020164489746,35.7282752990723,47.1018295288086,106.726654052734,36.1419982910156,101.160003662109,345.35595703125,36.1464157104492,148.85791015625,214.240005493164
"2023-02-16",151.51496887207,256.085388183594,132.091934204102,143.681213378906,104.493354797363,157.1025390625,297.649841308594,127.032852172852,32.6103286743164,21.9799957275391,57.418384552002,37.2969169616699,46.3626976013184,103.395111083984,35.0709991455078,98.1500015258789,341.536499023438,35.8376884460449,146.708862304688,202.039993286133
"2023-02-17",150.371566772461,252.090026855469,132.483123779297,146.680892944336,100.47541809082,156.487564086914,294.601440429688,129.691314697266,32.6750297546387,21.3666095733643,56.9451103210449,37.0016403198242,47.0600471496582,102.799133300781,34.7960014343262,97.1999969482422,339.968109130859,36.0546264648438,143.432403564453,208.309997558594
"2023-02-21",146.359680175781,246.824691772461,130.052154541016,144.495178222656,100.376098632812,152.430374145508,273.800048828125,129.598678588867,31.907844543457,20.6343421936035,55.6017723083496,36.697135925293,47.3460540771484,99.7411575317383,33.75,94.5800018310547,333.159484863281,35.6290855407715,141.803024291992,197.369995117188
"2023-02-22",146.78352355957,245.691543579102,129.055526733398,144.293975830078,99.0759201049805,150.850204467773,274.541290283203,130.145202636719,31.6952438354492,20.733247756958,55.0883445739746,37.5368232727051,46.3530578613281,99.3405914306641,33.4879989624023,95.7900009155273,332.947357177734,35.3620758056641,141.230529785156,200.860000610352
"2023-02-23",147.266510009766,248.876159667969,130.089385986328,144.248229980469,99.9878463745117,153.694519042969,277.330230712891,129.72834777832,31.6675128936768,23.6403350830078,55.8178558349609,35.6175422668457,45.6621322631836,99.3894348144531,32.3650016784668,95.8199996948242,335.392181396484,35.2953262329102,142.622116088867,202.070007324219
"2023-02-24",144.614944458008,243.454544067383,131.262954711914,142.638687133789,99.9968719482422,153.873886108398,274.874877929688,128.996597290039,31.6212940216064,23.2627143859863,55.2394104003906,35.4053077697754,45.7842483520508,97.9923400878906,31.7150001525879,93.5,335.678131103516,34.8363990783691,143.044876098633,196.880004882812
"2023-02-27",145.807678222656,244.372787475586,132.408599853516,142.327743530273,99.8163070678711,155.650497436523,274.272583007812,128.885437011719,31.6212940216064,23.4774951934814,55.9756126403809,34.7317123413086,45.4532470703125,98.1388854980469,32.3030014038086,93.7600021362305,337.228057861328,34.027027130127,143.406005859375,207.630004882812
"2023-02-28",145.304946899414,243.649841308594,133.516952514648,140.160339355469,99.2384490966797,155.872604370117,274.763702392578,127.421875,31.7044868469238,23.1927833557129,56.8208198547363,34.5471725463867,45.674991607666,97.3182144165039,32.2130012512207,94.2300033569336,324.422760009766,33.851806640625,141.600448608398,205.710006713867
"2023-03-01",143.234924316406,240.57275390625,132.771835327148,139.529342651367,100.12328338623,156.376556396484,269.435913085938,127.514518737793,31.5565948486328,22.6753005981445,56.7519760131836,35.2299880981445,45.0386924743652,96.2728424072266,31.3479995727539,92.1699981689453,321.709594726562,33.5263862609863,142.727813720703,202.770004272461
"2023-03-02",143.826416015625,245.300811767578,131.393371582031,139.419540405273,100.583778381348,157.7431640625,271.502105712891,129.6171875,31.1565570831299,23.2906837463379,57.2376823425293,35.7190399169922,45.1511650085449,96.6440887451172,31.1879997253418,92.129997253418,324.376312255859,33.8935203552246,143.177001953125,190.899993896484
"2023-03-03",148.873260498047,249.38410949707,133.805725097656,140.855346679688,101.856864929199,158.597290039062,276.533416748047,130.562042236328,31.7798690795898,23.8661060333252,60.4989891052246,34.6394500732422,45.2058067321777,98.8130111694336,31.5179996490479,94.9000015258789,331.800476074219,34.3357620239258,145.290817260742,197.789993286133
"2023-03-06",151.63330078125,250.92756652832,133.023330688477,142.263748168945,102.759780883789,159.306213378906,276.311065673828,130.006240844727,31.7147445678711,23.530445098877,60.5142822265625,34.039665222168,45.1993713378906,98.3440551757812,31.2029991149902,93.75,331.763244628906,34.3023834228516,146.356552124023,193.809997558594
"2023-03-07",149.435104370117,248.270446777344,129.111404418945,140.919387817383,100.773376464844,156.538803100586,269.352569580078,127.421875,30.7007007598877,23.2686634063721,59.7713775634766,34.0303688049316,44.7494697570801,96.7808685302734,30.8470001220703,93.5500030517578,321.570190429688,33.6598930358887,144.471740722656,187.710006713867
"2023-03-08",150.686981201172,247.830871582031,128.34765625,139.886001586914,99.3016510009766,157.418548583984,272.040313720703,127.440414428711,30.2913551330566,24.1609230041504,60.4511795043945,34.3371124267578,44.3798980712891,97.0153503417969,31.1790008544922,93.9199981689453,324.552856445312,33.476318359375,143.555740356445,182
"2023-03-09",148.439544677734,246.482818603516,121.399383544922,138.31298828125,98.5341796875,156.205718994141,268.783264160156,126.504844665527,28.4121017456055,23.416540145874,59.5199241638184,33.4819412231445,44.0810317993164,93.9280548095703,29.7779998779297,92.25,317.86279296875,32.9256134033203,141.371459960938,172.919998168945
"2023-03-10",146.37939453125,242.839050292969,124.48233795166,138.651351928711,97.3152542114258,155.061126708984,267.205963134766,127.079147338867,28.1609134674072,22.9459285736084,58.7846794128418,32.3757934570312,44.0167694091797,91.4171752929688,29.2759990692139,90.7300033569336,304.463989257812,32.8672065734863,140.631561279297,173.440002441406
"2023-03-13",148.321243286133,248.045776367188,122.246955871582,139.977432250977,96.1956405639648,155.650497436523,267.401947021484,127.959121704102,26.5235424041748,22.946928024292,58.9414710998535,31.9296169281006,44.1453094482422,90.4694976806641,29.3509998321533,92.4300003051758,293.165191650391,33.2593765258789,139.786056518555,174.479995727539
"2023-03-14",150.410995483398,254.756851196289,125.385787963867,140.763885498047,96.5568084716797,158.067718505859,266.515380859375,129.543106079102,26.75612449646,24.0430183410645,60.4702949523926,31.7808856964111,44.3798980712891,91.2120056152344,29.4939994812012,94.879997253418,299.334899902344,33.2927474975586,141.59162902832,183.259994506836
"2023-03-15",150.805282592773,259.29931640625,119.462051391602,141.157150268555,91.7533493041992,157.469848632812,268.755249023438,131.377197265625,26.5049362182617,24.2078838348389,59.8564758300781,32.2177734375,44.8747940063477,90.9579925537109,30.378999710083,96.1999969482422,290.080291748047,33.6098289489746,135.461486816406,180.449996948242
"2023-03-16",153.624420166016,269.810394287109,121.78125,140.864501953125,91.2206268310547,160.51057434082,267.597991943359,132.359069824219,26.951488494873,25.5197906494141,60.8565635681152,33.509822845459,44.6198844909668,92.1206130981445,31.0060005187988,100.040000915527,292.774932861328,33.6849174499512,135.89306640625,184.130004882812
"2023-03-17",152.786560058594,272.965667724609,117.180122375488,139.355560302734,90.1461791992188,159.54541015625,269.147247314453,132.396102905273,25.8816184997559,25.7036380767822,60.3278388977051,32.9428100585938,44.9812774658203,91.0556869506836,30.3500003814697,98.9499969482422,282.042999267578,33.4596328735352,134.175598144531,180.130004882812
"2023-03-20",155.152252197266,265.932189941406,118.418899536133,140.736465454102,92.5027542114258,156.726745605469,269.959167480469,134.433975219727,25.8164978027344,25.8784961700439,61.5459327697754,31.9482021331787,45.4652976989746,92.0522232055664,30.5130004882812,97.7099990844727,287.608703613281,34.0520629882812,136.148498535156,183.25
"2023-03-21",157.005462646484,267.446350097656,121.59497833252,140.736465454102,96.647102355957,159.54541015625,270.117797851562,133.461380004883,26.5979690551758,26.17724609375,61.3186569213867,32.0597457885742,45.310417175293,94.31884765625,30.5790004730225,100.610000610352,294.809844970703,33.9268989562988,140.314498901367,197.580001831055
"2023-03-22",155.576171875,265.990783691406,118.456130981445,138.139221191406,94.4349670410156,158.477722167969,263.752838134766,133.377990722656,25.7141609191895,26.4460182189941,60.7572250366211,32.0690422058105,45.0200080871582,92.7165832519531,29.3899993896484,98.6999969482422,291.455474853516,33.3845405578613,137.460845947266,191.149993896484
"2023-03-23",156.660446166992,271.236572265625,118.139472961426,138.212371826172,93.3695449829102,158.264175415039,264.966125488281,133.192718505859,25.0908432006836,27.1684226989746,61.5574836730957,31.7994766235352,45.3846244812012,93.6251907348633,32.0369987487793,98.7099990844727,292.551940917969,33.5263862609863,136.095657348633,192.220001220703
"2023-03-24",157.961608886719,274.079284667969,116.341857910156,139.602462768555,93.4778900146484,158.930419921875,264.135528564453,135.906829833984,25.2490005493164,26.756763458252,61.262809753418,31.4741439819336,45.7557106018066,91.9154510498047,32.8390007019043,98.129997253418,290.433441162109,33.7016067504883,137.452041625977,190.410003662109
"2023-03-27",156.019714355469,269.986145019531,119.676292419434,140.196899414062,95.5274963378906,159.998077392578,262.502319335938,135.193542480469,26.5049362182617,26.5089683532715,60.364330291748,31.7715969085693,46.5204582214355,93.4200210571289,32.765998840332,98.0400009155273,295.971313476562,33.559757232666,138.852447509766,191.809997558594
"2023-03-28",155.398696899414,268.862854003906,120.039535522461,138.843399047852,96.7193374633789,160.348297119141,262.082305908203,135.573333740234,26.1607151031494,26.3880710601807,60.1582489013672,32.1248168945312,46.3397560119629,92.6384201049805,32.3520011901855,97.2399978637695,295.8876953125,33.367847442627,140.473037719727,189.190002441406
"2023-03-29",158.474166870117,274.020660400391,120.281677246094,140.2060546875,98.3806838989258,163.542785644531,264.452850341797,135.990142822266,26.6723957061768,26.9615936279297,60.2352905273438,32.5709915161133,46.5398101806641,94.6412582397461,33.2029991149902,100.25,298.006225585938,33.5847930908203,141.679702758789,193.880004882812
"2023-03-30",160.041473388672,277.478759765625,119.918441772461,140.315795898438,98.8592147827148,163.218215942383,266.319366455078,136.5830078125,26.3281745910645,27.3602619171143,61.0297622680664,32.7197189331055,47.0044708251953,95.8429565429688,33.8429985046387,102,298.396484375,33.6932678222656,143.027252197266,195.279998779297
"2023-03-31",162.545150756836,281.630432128906,121.371444702148,141.751586914062,99.0127182006836,165.695236206055,275.428161621094,137.731597900391,26.6072731018066,27.7539329528809,61.7799301147461,32.5802917480469,47.5788345336914,97.8262557983398,34.5480003356934,103.290000915527,303.943664550781,34.0437126159668,143.705459594727,207.460006713867
"2023-04-03",163.797073364258,280.585205078125,121.231742858887,143.443466186523,104.854515075684,165.464614868164,277.864013671875,138.491149902344,26.5979690551758,27.9417762756348,61.869499206543,32.2177734375,47.9789543151855,97.4647674560547,34.8279991149902,102.410003662109,303.395385742188,34.5026359558105,149.685852050781,194.770004272461
"2023-04-04",163.264785766602,280.536346435547,119.611083984375,144.943283081055,103.85228729248,162.808212280273,275.27880859375,139.158096313477,26.0304679870605,27.4302043914795,61.0933265686035,32.0597457885742,47.5078468322754,97.2791290283203,34.6749992370605,103.949996948242,299.799499511719,34.1271591186523,148.884338378906,192.580001831055
"2023-04-05",161.421447753906,277.762023925781,119.789436340332,151.454727172852,105.631011962891,161.774703979492,269.408538818359,140.112197875977,25.7141609191895,26.858678817749,60.5733070373535,31.3161182403564,48.2951774597168,97.6113128662109,34.2350006103516,101.099998474121,298.758819580078,34.6695175170898,149.624176025391,185.520004272461
"2023-04-06",162.308624267578,284.854064941406,119.658027648926,151.03401184082,103.879371643066,161.074310302734,269.3525390625,141.001449584961,25.9002246856689,27.0145492553711,59.9598693847656,31.1766891479492,48.6598091125488,97.6699295043945,33.9329986572266,102.059997558594,299.567230224609,34.6277923583984,147.660079956055,185.059997558594
"2023-04-10",159.716171264648,282.695220947266,120.052276611328,150.274963378906,103.418891906738,162.509262084961,271.741729736328,139.834320068359,25.9932594299316,27.5560970306396,60.4172973632812,31.9946880340576,48.5662231445312,98.4906005859375,33.898998260498,102.169998168945,301.945922851562,34.819709777832,148.223770141602,184.509994506836
"2023-04-11",158.503723144531,276.286926269531,120.643653869629,150.229232788086,104.150245666504,164.379852294922,274.168212890625,139.556396484375,26.7096042633057,27.1464385986328,59.8568305969238,32.1898880004883,48.4242515563965,98.1095733642578,33.8209991455078,99.9199981689453,304.185241699219,34.8697814941406,149.042877197266,186.789993286133
"2023-04-12",157.813751220703,276.931671142578,120.624908447266,149.9091796875,104.04190826416,162.159088134766,271.060424804688,139.936187744141,26.4956302642822,26.4729995727539,59.3878555297852,30.721212387085,48.1886940002441,95.6866302490234,33.1030006408691,97.8300018310547,306.851989746094,34.5193252563477,149.571350097656,180.539993286133
"2023-04-13",163.195755004883,283.134765625,121.084861755371,151.911972045898,104.529457092285,163.141326904297,272.656341552734,140.584609985352,26.5700588226318,26.4410228729248,60.113956451416,30.4795360565186,48.2371063232422,98.5199127197266,34.6189994812012,102.400001525879,308.608154296875,34.6027641296387,151.570693969727,185.899993896484
"2023-04-14",162.85075378418,279.520416259766,130.227951049805,151.665054321289,104.782295227051,164.738571166992,272.693664550781,139.871337890625,27.4631690979004,26.7357788085938,59.6613464355469,30.3679904937744,47.911190032959,97.6015472412109,33.8629989624023,102.51000213623,313.058959960938,34.3691291809082,151.878936767578,185
"2023-04-17",162.870468139648,282.118804931641,131.260528564453,151.509567260742,103.563354492188,165.09733581543,275.689483642578,139.917678833008,28.2539482116699,26.9795742034912,60.4144020080566,30.4330635070801,48.2467803955078,97.9923400878906,33.2719993591309,102.73999786377,315.623474121094,34.3607864379883,150.54020690918,187.039993286133
"2023-04-18",164.0927734375,281.698791503906,132.734359741211,147.247909545898,105.585868835449,165.806259155273,279.002624511719,140.065887451172,28.4307079315186,27.6440238952637,60.8920478820801,30.5446033477783,48.3532638549805,98.6078414916992,33.3699989318848,102.300003051758,310.262115478516,33.8351173400879,150.187881469727,184.309997558594
"2023-04-19",165.236190795898,281.777008056641,132.565353393555,148.637969970703,105.251792907715,167.43766784668,277.098724365234,140.093688964844,27.9655437469482,27.9078063964844,61.1019821166992,30.6003742218018,48.4048919677734,96.4780044555664,32.3120002746582,104.300003051758,313.031036376953,33.5764579772949,150.32878112793,180.589996337891
"2023-04-20",164.270217895508,279.491058349609,132.180480957031,149.598236083984,104.412086486816,166.540832519531,278.64794921875,140.607269287109,27.8166942596436,27.0814952850342,60.9594535827637,30.5538959503174,48.7146530151367,95.8136520385742,32.5349998474121,103.809997558594,314.722137451172,33.2510299682617,149.597778320312,162.990005493164
"2023-04-21",162.663497924805,279.149169921875,131.927001953125,148.784301757812,104.746185302734,166.737289428711,280.019866943359,145.47282409668,27.7887840270996,27.0964794158936,60.9479064941406,30.8792381286621,48.9598922729492,97.2791290283203,32.7980003356934,106.959999084473,317.463165283203,33.5514106750488,148.954803466797,165.080001831055
"2023-04-24",162.969055175781,275.25146484375,132.105346679688,149.689682006836,106.723533630371,167.283935546875,281.513153076172,145.733795166016,27.6864471435547,27.0195446014404,61.105842590332,30.312219619751,49.2922554016113,97.3865966796875,32.9020004272461,106.209999084473,319.600341796875,33.3010940551758,151.033401489258,162.550003051758
"2023-04-25",161.431304931641,269.048400878906,129.232925415039,151.061462402344,105.206642150879,150.576889038086,276.557403564453,145.771102905273,26.8305492401123,26.2192077636719,59.9001579284668,29.7823810577393,48.9082679748535,95.7550277709961,32.2550010681152,102.569999694824,315.437622070312,32.8171424865723,148.840301513672,160.669998168945
"2023-04-26",161.421447753906,288.536834716797,126.942451477051,148.720306396484,104.240524291992,147.399490356445,268.848510742188,144.083999633789,26.458423614502,26.9336166381836,59.3387489318848,29.8939266204834,48.6952934265137,94.3872375488281,32.1150016784668,104.980003356934,312.724395751953,32.2330589294434,146.189224243164,153.75
"2023-04-27",166.005065917969,297.777984619141,128.650924682617,149.067825317383,105.486557006836,151.832458496094,274.317535400391,145.845642089844,26.8770656585693,27.2033920288086,59.5525245666504,30.6933288574219,48.8469581604004,97.630859375,32.5849990844727,109.819999694824,317.407501220703,32.3248519897461,147.043563842773,160.190002441406
"2023-04-28",167.256912231445,300.15185546875,129.767974853516,149.707962036133,106.849937438965,153.583465576172,280.486480712891,145.761779785156,27.2398948669434,27.7259578704834,60.3315925598145,31.3161182403564,48.7146530151367,100.141723632812,32.9930000305176,105.449996948242,319.1171875,32.4500045776367,148.479202270508,164.309997558594
"2023-05-01",167.168228149414,298.491088867188,132.54655456543,149.616516113281,103.536270141602,155.624877929688,277.836029052734,145.938858032227,27.0166130065918,28.8859939575195,61.4342155456543,31.0279636383057,48.9147186279297,99.8583908081055,32.4119987487793,102.050003051758,316.450408935547,32.7170104980469,147.29899597168,161.830001831055
"2023-05-02",166.133178710938,298.344573974609,130.406295776367,150.924285888672,99.4099960327148,151.900802612305,274.644195556641,145.808349609375,26.1979331970215,28.1865730285645,58.9679870605469,30.9164161682129,48.7824211120605,98.2854309082031,31.7549991607666,103.629997253418,309.760284423828,32.5918579101562,140.957473754883,160.309997558594
"2023-05-03",165.05876159668,297.357971191406,127.646492004395,148.948883056641,97.45068359375,150.183990478516,273.524261474609,145.621932983398,25.9188327789307,27.7789154052734,59.0508041381836,30.2843341827393,48.6017265319824,98.5394592285156,31.9300003051758,103.650001525879,305.374664306641,32.0828704833984,138.130233764648,160.610000610352
"2023-05-04",163.422470092773,298.344573974609,125.900482177734,148.272186279297,95.7441940307617,148.014465332031,266.683319091797,144.95085144043,25.1094493865967,27.5391139984131,58.7580528259277,30.4051723480225,48.7377662658691,95.2079086303711,32.0779991149902,104,298.507995605469,31.8992919921875,137.592971801758,161.199996948242
"2023-05-05",171.091369628906,303.463348388672,128.359924316406,148.775131225586,98.1278686523438,150.107131958008,270.295196533203,145.435546875,25.7792854309082,28.6561832427979,60.6801986694336,30.4795360565186,49.1588363647461,98.2072677612305,32.2760009765625,105.660003662109,303.859985351562,32.1162376403809,141.107208251953,170.059997558594
"2023-05-08",171.022384643555,301.509643554688,128.669692993164,148.436782836914,98.5161285400391,148.954025268555,268.717895507812,144.755081176758,25.7606754302979,29.1267948150635,60.5781173706055,31.0093650817871,49.4665489196777,100.60090637207,33.1209983825684,105.830001831055,303.386169433594,32.2664375305176,140.552322387695,171.789993286133
"2023-05-09",169.317092895508,299.897796630859,128.050140380859,147.284454345703,98.5432052612305,147.775329589844,271.191040039062,143.273071289062,25.7327651977539,28.5472736358643,59.5621566772461,30.9164161682129,49.5507659912109,99.8290786743164,33.2140007019043,106.620002746582,301.769409179688,32.1078948974609,140.147171020508,169.149993896484
"2023-05-10",171.081527709961,305.084899902344,128.115844726562,147.833190917969,97.2791366577148,146.545349121094,269.744537353516,143.571319580078,25.4164562225342,28.8610153198242,60.309440612793,30.4423561096191,49.4114837646484,98.8130111694336,33.5419998168945,110.190002441406,299.70654296875,31.9577045440674,138.359237670898,168.539993286133
"2023-05-11",171.268814086914,302.935882568359,127.712203979492,147.229614257812,95.5184707641602,145.400787353516,268.493896484375,143.906860351562,25.4815769195557,28.5542659759521,60.4442596435547,29.5407028198242,49.5961112976074,90.186164855957,34.476001739502,112.180000305176,298.006225585938,31.6962394714355,137.592971801758,172.080001831055
"2023-05-12",170.340957641602,301.822235107422,125.881690979004,147.037551879883,95.5094528198242,145.305938720703,271.088439941406,145.370300292969,25.2024822235107,28.3164672851562,60.7793884277344,28.9829788208008,49.5799179077148,89.8735427856445,33.9889984130859,110.26000213623,296.872619628906,31.5022411346436,137.945251464844,167.979995727539
"2023-05-15",169.847412109375,302.300903320312,126.942451477051,145.912689208984,95.6915817260742,145.607757568359,269.287200927734,145.416870117188,25.7234630584717,28.9289569854736,61.6123657226562,29.2432498931885,49.1944694519043,90.7235107421875,33.5890007019043,111.199996948242,299.260650634766,31.3419914245605,138.456100463867,166.350006103516
"2023-05-16",169.847412109375,304.528167724609,126.088241577148,145.720642089844,93.3691864013672,143.67610168457,263.491607666016,145.165222167969,25.4536685943604,29.18874168396,61.7703018188477,29.624361038208,48.5142669677734,88.8867721557617,33.375,113.400001525879,298.089813232422,31.215482711792,135.2060546875,166.520004272461
"2023-05-17",170.459396362305,307.406463623047,129.965103149414,145.40055847168,95.4638900756836,147.772247314453,272.880279541016,144.550033569336,26.5793628692627,30.1529388427734,63.3139839172363,31.3997707366943,48.4333000183105,90.6355895996094,33.9959983825684,115.5,306.796203613281,30.9961891174316,137.143783569336,173.860000610352
"2023-05-18",172.788925170898,311.831451416016,130.950744628906,144.934143066406,96.3291015625,147.49626159668,275.465515136719,142.17317199707,26.486328125,31.6516914367676,65.281364440918,32.5709915161133,49.0616683959961,91.6028137207031,37.1290016174316,118.150001525879,306.238708496094,30.7684593200684,136.974761962891,176.889999389648
"2023-05-19",172.897506713867,311.655334472656,130.650360107422,145.327377319336,96.7753601074219,147.401412963867,271.471069335938,142.769714355469,26.1514129638672,31.238037109375,65.7002944946289,32.0690422058105,48.5563812255859,89.2482604980469,36.5359992980957,116.25,303.051666259766,31.0130596160889,138.059814453125,180.139999389648
"2023-05-22",171.949905395508,314.435699462891,129.570846557617,144.544174194336,95.6005020141602,147.901596069336,271.265777587891,139.032028198242,26.3653869628906,31.1501140594482,65.3266372680664,30.8699436187744,48.1288223266602,89.7074432373047,36.3009986877441,115.01000213623,301.908782958984,32.6830558776855,135.57844543457,188.869995117188
"2023-05-23",169.343978881836,308.639953613281,128.219085693359,144.488876342773,96.9028701782227,146.418365478516,275.260192871094,137.531341552734,26.5886688232422,30.6625175476074,66.1095581054688,30.9355392456055,48.038143157959,87.7534637451172,35.5989990234375,114.98999786377,300.654388427734,33.4337158203125,139.50065612793,185.770004272461
"2023-05-24",169.620391845703,307.259674072266,127.045677185059,144.350677490234,97.9866485595703,144.63330078125,271.676391601562,136.394165039062,26.1421089172363,30.5126419067383,65.4383392333984,31.3197746276855,47.8178787231445,87.0207138061523,36.4850006103516,116.75,297.16064453125,32.5818481445312,139.87419128418,182.899993896484
"2023-05-25",170.755523681641,319.076141357422,127.35546875,142.277481079102,96.2289199829102,147.66015625,267.616577148438,135.518005371094,26.2072334289551,37.9484596252441,70.1830062866211,30.4950790405273,47.341739654541,86.1121139526367,35.9000015258789,115,300.942413330078,31.9071044921875,137.463928222656,184.470001220703
"2023-05-26",173.163986206055,325.899749755859,128.547668457031,142.222183227539,95.6005020141602,147.953353881836,273.290893554688,135.527313232422,26.3374786376953,38.9136581420898,78.2654342651367,30.5700531005859,47.425952911377,86.2586517333984,37.8880004882812,120.110000610352,308.496612548828,31.7131099700928,137.037048339844,193.169998168945
"2023-05-30",175.009857177734,324.255065917969,129.035797119141,142.240600585938,94.7535095214844,146.392486572266,272.889617919922,133.458023071289,26.2909622192383,40.0776901245117,77.3611831665039,30.1108455657959,47.3093566894531,85.7994689941406,39.2980003356934,121.660003662109,307.400207519531,31.215482711792,136.183227539062,201.160003662109
"2023-05-31",174.960494995117,321.494323730469,127.393051147461,142.876403808594,93.0595321655273,144.012390136719,266.441314697266,132.824234008789,25.8537082672119,37.8025779724121,77.8060760498047,29.3611164093018,47.5717163085938,85.9362411499023,39.5229988098145,120.580001831055,303.252563476562,32.0673484802246,133.959777832031,203.929992675781
"2023-06-01",177.763793945312,325.596282958984,129.148422241211,142.397232055664,94.1342086791992,144.728149414062,271.084869384766,134.185104370117,26.0506343841553,39.7369689941406,76.0717315673828,29.5110645294189,47.7466163635254,86.5517425537109,40.3129997253418,122.769996643066,296.230712890625,32.0673484802246,135.32942199707,207.520004272461
"2023-06-02",178.612701416016,328.357086181641,131.861343383789,144.636337280273,96.3199996948242,146.720184326172,278.181823730469,136.5712890625,26.9227390289307,39.2943382263184,78.1951293945312,30.9261722564697,48.2033271789551,88.6815948486328,40.0470008850098,124.25,303.018524169922,32.3541221618652,138.975891113281,213.970001220703
"2023-06-05",177.26042175293,328.885711669922,130.565872192383,145.880233764648,95.8919448852539,144.745407104492,275.512268066406,136.030654907227,26.7633266448975,39.1384735107422,77.2610321044922,30.4107360839844,48.520751953125,88.9062957763672,40.3540000915527,125.300003051758,301.295806884766,32.5987129211426,138.308868408203,217.610000610352
"2023-06-06",176.895202636719,326.673187255859,130.800567626953,145.751251220703,96.6751708984375,144.521194458008,278.238220214844,134.679122924805,27.4103698730469,38.6218948364258,76.0765380859375,30.7481155395508,48.5142669677734,90.0396270751953,39.9290008544922,126.610000610352,305.967712402344,32.362548828125,138.557876586914,221.309997558594
"2023-06-07",175.523132324219,316.589416503906,132.067840576172,146.064544677734,98.8427581787109,147.892990112305,283.59619140625,134.968032836914,27.6448059082031,37.4477500915527,76.3298110961914,31.9757785797119,48.5855331420898,90.3913269042969,39.9770011901855,121.230003356934,314.347198486328,32.8011360168457,142.151016235352,224.570007324219
"2023-06-08",178.237609863281,318.429992675781,132.105346679688,147.667831420898,98.5331039428711,147.875747680664,283.022735595703,136.496688842773,27.4103698730469,38.482006072998,77.4440078735352,31.4603462219238,49.288402557373,90.4011154174805,40.9370002746582,124.25,314.085021972656,32.9698181152344,141.626251220703,234.860000610352
"2023-06-09",178.622589111328,319.927886962891,132.368209838867,147.437454223633,97.8045043945312,147.022003173828,279.507171630859,136.608551025391,27.4478797912598,38.7418212890625,77.4844512939453,30.7668571472168,49.5863952636719,89.8149108886719,42.0019989013672,123.430000305176,314.599975585938,32.8686103820801,141.288314819336,244.399993896484
"2023-06-12",181.416015625,324.881591796875,132.358825683594,147.336090087891,96.9210891723633,147.892990112305,282.806549072266,135.53662109375,27.316593170166,39.453296661377,82.3706893920898,31.3572616577148,49.9135322570801,90.9970703125,42.3969993591309,126.569999694824,317.848815917969,33.6530075073242,139.927551269531,249.830001831055
"2023-06-13",180.942230224609,327.270416259766,133.316329956055,148.110092163086,96.9393005371094,149.091644287109,282.073394775391,135.210418701172,27.5697860717773,40.9921760559082,81.9623641967773,32.163215637207,50.3022155761719,91.6907424926758,43.5730018615723,126.660003662109,320.666931152344,33.9735107421875,140.977035522461,258.709991455078
"2023-06-14",181.573944091797,330.256286621094,132.81884765625,148.865661621094,95.773551940918,150.807723999023,281.7255859375,136.47802734375,27.3072185516357,42.965747833252,85.338623046875,31.8820705413818,50.8107490539551,90.3229446411133,44.0859985351562,126.419998168945,316.847045898438,33.1975517272949,139.714111328125,256.790008544922
"2023-06-15",183.607360839844,340.790405273438,134.320770263672,150.865158081055,96.4383773803711,154.360595703125,283.896942138672,138.370208740234,27.5416564941406,42.6219940185547,85.0738067626953,31.8633308410645,51.0893058776855,90.8016738891602,44.5270004272461,127.110000610352,318.082855224609,33.5264854431152,140.7724609375,255.899993896484
"2023-06-16",182.531402587891,335.141571044922,134.480331420898,151.32585144043,95.746223449707,153.998413085938,282.355377197266,139.386215209961,27.372859954834,42.6609573364258,83.5984954833984,31.6290397644043,50.3767204284668,89.2189483642578,43.1959991455078,125.48999786377,316.744018554688,33.787956237793,139.865295410156,260.540008544922
"2023-06-20",182.620254516602,330.951385498047,133.79508972168,151.233734130859,93.5513458251953,152.868728637695,283.323577880859,138.099914550781,27.0727825164795,43.7761535644531,83.5907821655273,31.78835105896,49.9329719543457,87.6850662231445,43.4700012207031,125.779998779297,309.637786865234,33.1806793212891,136.681274414062,274.450012207031
"2023-06-21",181.583847045898,326.555694580078,133.597930908203,151.003402709961,94.5987014770508,149.729782104492,282.656188964844,139.292999267578,26.7914543151855,43.0137062072754,82.0640563964844,31.7508678436279,50.0301399230957,86.6006088256836,42.4449996948242,124.830001831055,304.348022460938,32.8095741271973,137.748580932617,259.459991455078
"2023-06-22",184.584579467773,332.576538085938,131.02587890625,152.606658935547,94.0795745849609,147.789505004883,283.107360839844,139.768341064453,26.2194309234619,42.9937210083008,81.5577163696289,30.6075401306152,50.4479827880859,86.4540557861328,42.2480010986328,130.149993896484,299.207977294922,32.666187286377,135.756317138672,264.609985351562
"2023-06-23",184.268692016602,327.985015869141,130.340591430664,152.477661132812,93.2599105834961,145.987182617188,282.759552001953,138.379547119141,26.0225067138672,42.1783103942871,79.594352722168,30.3170166015625,50.3540458679199,86.0730361938477,42.4020004272461,129.330001831055,294.648406982422,32.3035087585449,134.609024047852,256.600006103516
"2023-06-26",182.876892089844,321.699890136719,130.659759521484,150.773010253906,94.981201171875,148.970932006836,289.414703369141,138.519378662109,26.3413352966309,40.6024627685547,79.5440216064453,30.3732490539551,50.2212448120117,86.6592254638672,41.5940017700195,127.330001831055,292.448211669922,31.1142673492432,136.974761962891,241.050003051758
"2023-06-27",185.630859375,327.544494628906,130.669143676758,150.459747314453,95.2179870605469,150.62663269043,294.913665771484,139.833618164062,26.4819984436035,41.8455505371094,82.1357040405273,31.535327911377,50.0398559570312,87.0109405517578,41.7080001831055,129.179992675781,293.468780517578,30.7178554534912,136.5478515625,250.210006713867
"2023-06-28",186.80549621582,328.797637939453,130.09651184082,150.155670166016,95.9921264648438,151.480346679688,288.117523193359,139.8056640625,26.322582244873,41.0871124267578,82.0911560058594,31.244800567627,50.311939239502,86.7862319946289,42.984001159668,129.039993286133,293.665344238281,30.6082153320312,137.784088134766,256.239990234375
"2023-06-29",187.141128540039,328.014373779297,134.639923095703,151.206115722656,97.1760864257812,151.816665649414,289.348907470703,139.237060546875,26.8758563995361,40.7923202514648,83.5075302124023,32.2288208007812,49.9718399047852,86.9034805297852,42.8240013122559,127.900001525879,302.494232177734,30.4648265838623,138.958129882812,257.5
"2023-06-30",191.464538574219,333.389099121094,136.526733398438,152.514526367188,97.6769943237305,154.576217651367,291.999755859375,141.436828613281,26.9039859771729,42.271240234375,83.9780349731445,32.4068832397461,50.9111633300781,87.2258911132812,44.048999786377,130.360000610352,301.979309082031,30.9371490478516,139.945358276367,261.769989013672
"2023-07-03",189.974075317383,330.892669677734,137.625015258789,150.515014648438,97.8682556152344,158.474014282227,291.416900634766,142.145217895508,27.3822364807129,42.3821601867676,84.8503112792969,33.128490447998,51.2415351867676,88.4178161621094,44.1440010070801,130.220001220703,305.789825439453,30.9118461608887,139.820831298828,279.820007324219
"2023-07-05",188.858612060547,331.04931640625,136.708221435547,150.017440795898,97.3673629760742,155.197082519531,292.150085449219,141.902877807617,27.2697086334229,42.2862358093262,83.4387893676758,31.9757785797119,51.2123870849609,87.7241516113281,44.5900001525879,130.380004882812,299.648010253906,30.7515907287598,139.020385742188,282.480010986328
"2023-07-06",189.332427978516,334.103790283203,135.356628417969,148.902542114258,93.7334899902344,154.60205078125,283.896942138672,141.669860839844,26.5195083618164,42.072395324707,82.0969772338867,31.9101848602295,50.8884773254395,86.6983108520508,43.8839988708496,128.360000610352,293.047454833984,30.0515422821045,135.969772338867,276.540008544922
"2023-07-07",188.217025756836,330.138824462891,136.424667358398,146.737182617188,93.9520645141602,155.015975952148,284.639587402344,138.69645690918,26.7539482116699,42.4721031188965,81.9759750366211,32.163215637207,49.7159461975098,86.6006088256836,43.810001373291,129.779998779297,295.079132080078,29.9671993255615,137.161544799805,274.429992675781
"2023-07-10",186.173767089844,324.861999511719,137.190216064453,146.97673034668,95.3455123901367,156.369857788086,291.661346435547,138.752380371094,26.8758563995361,42.1493339538574,84.9752044677734,32.9597969055176,50.1661834716797,86.0730361938477,44.1710014343262,127.129997253418,296.296264648438,30.093713760376,138.077606201172,269.609985351562
"2023-07-11",185.650619506836,325.488616943359,139.33576965332,146.165893554688,96.5112609863281,159.741683959961,294.838531494141,138.025344848633,27.2134437561035,42.3741683959961,85.3934478759766,33.3252906799316,50.091682434082,87.4310531616211,44.0209999084473,128.779998779297,300.425109863281,30.3804798126221,140.63020324707,269.790008544922
"2023-07-12",187.318771362305,330.119232177734,140.025726318359,145.659118652344,96.9848327636719,160.819595336914,298.466796875,138.743057250977,27.5322780609131,43.8700790405273,86.1582565307617,34.1593627929688,50.2180061340332,88.0758666992188,44.4049987792969,130.800003051758,305.59326171875,30.3551845550537,141.982040405273,271.989990234375
"2023-07-13",188.078796386719,335.464660644531,140.706268310547,146.331741333008,95.2088775634766,159.845153808594,295.722076416016,138.83625793457,27.8229808807373,45.9435729980469,86.1979446411133,34.5998268127441,49.9232444763184,88.3885116577148,45.0379981994629,134.300003051758,307.727874755859,30.4142227172852,140.087646484375,277.899993896484
"2023-07-14",188.226898193359,337.990386962891,141.556900024414,147.308456420898,91.9302215576172,159.758911132812,297.508087158203,139.861572265625,27.2978439331055,45.4359397888184,86.0256195068359,33.5783271789551,50.0949249267578,86.5810775756836,44.1910018920898,134.679992675781,305.396575927734,30.6335163116455,136.592361450195,281.380004882812
"2023-07-17",191.484268188477,338.470184326172,144.968933105469,146.571319580078,92.330940246582,157.585800170898,297.085052490234,138.87353515625,27.5697860717773,46.4272193908691,88.1332321166992,33.0910034179688,50.1564636230469,83.5914611816406,45.0050010681152,133.559997558594,306.342193603516,30.245532989502,136.467803955078,290.380004882812
"2023-07-18",191.227630615234,351.941223144531,145.233581542969,146.562103271484,91.9120025634766,159.163909912109,297.752532958984,139.134536743164,28.7888622283936,47.4594688415527,87.4632873535156,33.8032417297363,50.0657768249512,83.9724960327148,47.4799995422363,132.830001831055,315.770294189453,30.5660362243652,136.743545532227,293.339996337891
"2023-07-19",192.579956054688,347.623809814453,145.791213989258,146.267272949219,92.5495300292969,160.414291381836,300.309265136719,140.085296630859,29.5671920776367,47.0427665710449,87.2638473510742,34.8809661865234,50.0819625854492,85.0374221801758,47.7589988708496,135.360000610352,318.841217041016,30.7347221374512,137.579574584961,291.260009765625
"2023-07-20",190.635375976562,339.586181640625,147.587051391602,155.149780273438,94.1797485351562,161.207656860352,299.942657470703,141.221160888672,29.7172298431396,45.4869079589844,86.0023880004883,34.7122802734375,51.0083236694336,84.2265167236328,43.742000579834,129.960006713867,328.494018554688,31.0130596160889,139.10041809082,262.899993896484
"2023-07-21",189.460739135742,336.55126953125,146.452819824219,156.817565917969,94.6169128417969,161.518112182617,301.239868164062,143.444152832031,29.9891777038574,44.276782989502,86.8165893554688,34.5435905456543,51.2966041564941,85.1741943359375,42.75,130,329.523864746094,31.5444259643555,141.137130737305,260.019989013672
"2023-07-24",190.260284423828,337.863159179688,149.335586547852,157.637649536133,96.1014175415039,162.414916992188,305.601379394531,143.903747558594,30.6174659729004,44.5795707702637,87.2851486206055,34.6279373168945,51.5978317260742,84.6075439453125,42.8370018005371,128.800003051758,336.049560546875,31.6371974945068,143.920928955078,269.059997558594
"2023-07-25",191.119018554688,343.609893798828,148.220306396484,158.8447265625,96.2471237182617,159.267364501953,305.620239257812,144.241424560547,30.1485977172852,45.6457977294922,88.8728866577148,34.2905616760254,51.5557250976562,83.6598587036133,42.7700004577637,129.130004882812,332.089172363281,31.2576580047607,144.579055786133,265.279998779297
"2023-07-26",191.987686157227,330.67724609375,149.108703613281,159.148788452148,95.7097930908203,159.008666992188,309.812622070312,144.391525268555,30.3924102783203,45.4189567565918,86.4622497558594,35.0965194702148,51.740348815918,83.8845672607422,42.2669982910156,128.149993896484,334.766906738281,31.3841667175293,143.493988037109,264.350006103516
"2023-07-27",190.724212646484,323.775360107422,147.464157104492,160.042572021484,96.0103378295898,160.845474243164,309.925415039062,142.675018310547,29.9610462188721,45.8666343688965,86.5048446655273,34.4967460632324,51.5524864196777,83.3960723876953,41.3170013427734,128.25,331.911315917969,30.8724670410156,141.99983215332,255.710006713867
"2023-07-28",193.300506591797,331.264709472656,148.30534362793,160.7705078125,94.8628158569336,162.026885986328,311.48583984375,146.708312988281,29.914155960083,46.7160110473633,87.1108856201172,34.7216567993164,51.7954139709473,84.1483535766602,42.5779991149902,132.210006713867,330.712951660156,30.7616024017334,141.297225952148,266.440002441406
"2023-07-31",193.912490844727,328.866180419922,149.297775268555,154.366577148438,97.6678924560547,161.371520996094,313.807556152344,146.60514831543,30.0079326629639,46.6950302124023,87.0005187988281,34.4686164855957,51.7792205810547,86.844856262207,43.8969993591309,133.679992675781,333.184661865234,30.7530784606934,145.557373046875,267.429992675781
"2023-08-01",193.083358764648,329.27734375,148.560531616211,155.619705200195,97.1032409667969,159.965911865234,312.143798828125,146.558227539062,29.65159034729,46.4731864929199,89.0674743652344,33.7376365661621,51.5362968444824,86.9816284179688,43.8619995117188,131.690002441406,334.916717529297,30.3693065643311,144.347808837891,261.070007324219
"2023-08-02",190.09245300293,320.622985839844,146.878158569336,156.559585571289,95.8919448852539,158.11181640625,308.787994384766,146.877136230469,29.2483558654785,44.23681640625,86.3857650756836,34.2155876159668,51.5719184875488,84.3144378662109,42.9700012207031,128.210006713867,328.718719482422,30.1475620269775,142.062118530273,254.110000610352
"2023-08-03",188.700698852539,319.800598144531,147.776092529297,157.232223510742,97.5586090087891,156.516479492188,310.057037353516,147.261703491211,29.4546604156494,44.4826354980469,85.6771011352539,33.8407287597656,51.5848770141602,83.523078918457,43.0999984741211,128.910003662109,330.647338867188,29.8490695953369,142.008697509766,259.320007324219
"2023-08-04",179.639266967773,320.897064208984,147.464157104492,155.757919311523,97.8318252563477,156.033554077148,306.842193603516,145.648391723633,29.3515090942383,44.6475143432617,85.3547210693359,34.0843887329102,51.2868804931641,84.3144378662109,43.1599998474121,139.570007324219,330.703521728516,29.8661251068115,141.688522338867,253.860000610352
"2023-08-07",176.539810180664,323.178192138672,148.163558959961,159.498916625977,97.6314544677734,157.076995849609,309.417785644531,147.186645507812,29.8954010009766,45.3839836120605,86.8465881347656,33.8594703674316,51.9832763671875,84.8322525024414,44.076000213623,142.220001220703,332.894378662109,30.4289951324463,142.204376220703,251.449996948242
"2023-08-08",177.4775390625,319.203430175781,147.331832885742,159.572616577148,98.1141586303711,155.697250366211,308.139404296875,147.346115112305,29.3233757019043,44.631534576416,85.5009002685547,33.5970611572266,52.0351028442383,86.1023330688477,43.8300018310547,139.940002441406,326.059753417969,30.3948802947998,141.990936279297,249.699996948242
"2023-08-09",175.888381958008,315.463653564453,145.356430053711,159.471298217773,99.7807922363281,154.679672241211,308.515380859375,147.15852355957,28.9388999938965,42.523063659668,82.3612823486328,34.0094108581543,52.1193199157715,85.4770660400391,42.8899993896484,137.850006103516,320.844818115234,30.5654525756836,142.177703857422,242.190002441406
"2023-08-10",175.67121887207,316.14892578125,145.139038085938,158.641998291016,100.290832519531,155.550659179688,309.634002685547,146.426910400391,29.0139217376709,42.3571853637695,81.6032257080078,33.2034645080566,52.0933151245117,89.6488265991211,42.9980010986328,138.559997558594,318.700775146484,30.4631118774414,143.040405273438,245.339996337891
"2023-08-11",175.730514526367,314.269256591797,145.980255126953,160.190002441406,101.848190307617,153.688491821289,311.241455078125,147.280471801758,29.342134475708,40.8252944946289,80.3311004638672,32.4818496704102,52.3988609313965,86.9718551635742,42.1660003662109,138.410003662109,319.009704589844,30.7360210418701,145.993179321289,242.649993896484
"2023-08-14",177.381164550781,317.235626220703,146.282684326172,159.812210083008,101.930160522461,152.722610473633,310.150970458984,146.126770019531,29.0045433044434,43.7211875915527,82.6875305175781,32.0039024353027,52.0088005065918,86.7667007446289,42.7779998779297,140.570007324219,316.210357666016,30.7616024017334,145.886474609375,239.759994506836
"2023-08-15",175.394424438477,315.101348876953,142.55876159668,159.351516723633,99.3132705688477,150.764755249023,312.209594726562,145.18879699707,28.0761737823486,43.9080581665039,81.5664215087891,32.5517845153809,51.7422523498535,85.0569534301758,42.3699989318848,137.669998168945,311.032867431641,30.1816749572754,141.626251220703,232.960006713867
"2023-08-16",174.524627685547,314.336120605469,141.953826904297,158.8447265625,97.6421279907227,148.571929931641,313.046142578125,143.706787109375,27.4666385650635,43.4543914794922,80.6438140869141,31.673282623291,51.7682609558105,84.3632965087891,41.5449981689453,135.070007324219,308.130462646484,30.2584342956543,141.083770751953,225.600006103516
"2023-08-17",171.984420776367,310.882720947266,140.479415893555,160.337432861328,99.5336303710938,148.571929931641,307.641204833984,142.675018310547,27.4572582244873,43.3124847412109,80.0735931396484,30.7286548614502,50.6078071594238,83.9431838989258,40.2999992370605,133.979995727539,306.641876220703,31.1368427276611,143.445327758789,219.220001220703
"2023-08-18",172.468734741211,310.490325927734,140.80078125,158.936859130859,101.039497375488,149.00700378418,307.725830078125,143.078338623047,27.2978439331055,43.2675170898438,79.9516143798828,30.6530895233154,51.3359413146973,83.9822616577148,40.4529991149902,133.220001220703,304.216857910156,31.2647666931152,144.477951049805,215.490005493164
"2023-08-21",173.803085327148,315.788177490234,141.282791137695,154.200759887695,99.8182754516602,146.614074707031,304.614410400391,142.356140136719,27.3353519439697,46.9328536987305,83.7563247680664,30.10520362854,51.1994094848633,83.9040985107422,40.8289985656738,134.679992675781,301.529846191406,31.5632667541504,143.993072509766,231.279998779297
"2023-08-22",175.176986694336,316.357177734375,138.352798461914,152.975234985352,99.258171081543,145.195693969727,305.009216308594,142.412399291992,26.669548034668,45.6347961425781,82.8511276245117,30.4830570220947,51.0368919372559,83.8161773681641,41.3170013427734,134.25,298.468322753906,31.4182796478271,142.80778503418,233.190002441406
"2023-08-23",179.021926879883,320.811218261719,139.288528442383,151.602294921875,98.3858871459961,146.953414916992,306.522613525391,143.744293212891,26.6789302825928,47.0817489624023,84.8638687133789,30.6530895233154,51.3911972045898,83.8552627563477,42.7550010681152,135.520004272461,301.782684326172,31.2647666931152,142.996322631836,236.860000610352
"2023-08-24",174.336837768555,313.914306640625,139.156173706055,152.118301391602,97.6513137817383,145.317520141602,303.232666015625,143.078338623047,26.8383445739746,47.1287078857422,82.7223815917969,30.3980407714844,50.997875213623,80.5725708007812,40.693000793457,131.839996337891,299.563781738281,30.838357925415,141.820053100586,230.039993286133
"2023-08-25",176.540985107422,316.867340087891,138.986068725586,154.299362182617,99.3959197998047,146.944702148438,303.486480712891,144.016326904297,26.7258148193359,45.9845428466797,82.4667892456055,29.8596019744873,51.300178527832,81.4420852661133,41.6030006408691,133.259994506836,299.741638183594,31.0259838104248,142.879623413086,238.589996337891
"2023-08-28",178.102722167969,317.57373046875,139.46809387207,152.480270385742,100.231468200684,146.918609619141,306.353424072266,144.241424560547,26.9696292877197,46.8009490966797,83.3632659912109,29.831262588501,51.5927314758301,82.2236862182617,41.8059997558594,133.139999389648,305.190643310547,30.8809928894043,143.858367919922,238.820007324219
"2023-08-29",181.987197875977,322.194549560547,140.602294921875,152.498840332031,100.828308105469,149.450775146484,309.615234375,144.325836181641,27.3541069030762,48.7485313415527,86.1563110351562,30.6153011322021,52.0250549316406,82.4581604003906,42.9990005493164,134.910003662109,311.351165771484,30.829833984375,143.633895874023,257.179992675781
"2023-08-30",185.476272583008,322.5673828125,140.035186767578,151.960525512695,101.810791015625,149.677047729492,312.774810791016,144.485321044922,27.23219871521,49.2281875610352,86.3838119506836,30.5586223602295,52.3988609313965,82.3409194946289,43.4669990539551,135.070007324219,310.199432373047,30.6166172027588,143.831436157227,256.899993896484
"2023-08-31",185.693740844727,321.556854248047,138.305557250977,150.057876586914,102.095436096191,147.405883789062,312.462615966797,144.766693115234,27.1092739105225,49.3191108703613,89.3472671508789,30.086311340332,52.8571891784668,81.7547225952148,43.3680000305176,138.009994506836,309.378112792969,30.1731472015381,144.657531738281,258.079986572266
"2023-09-01",187.26530456543,322.439788818359,138.768661499023,148.944137573242,104.234848022461,146.187652587891,315.092498779297,144.926147460938,27.4023971557617,48.4737319946289,84.4708023071289,30.086311340332,52.5191345214844,79.7616577148438,43.9879989624023,138.119995117188,309.085418701172,30.5142803192139,147.530960083008,245.009994506836
"2023-09-05",187.502532958984,327.237274169922,137.237487792969,149.129745483398,104.244041442871,142.680923461914,310.078765869141,142.984573364258,27.0903625488281,48.5127029418945,84.4369201660156,28.7732849121094,52.0965576171875,79.3220138549805,44.8680000305176,137.270004272461,305.639617919922,30.1731472015381,149.470489501953,256.489990234375
"2023-09-06",180.791198730469,326.579986572266,137.010665893555,146.65168762207,105.143882751465,141.236450195312,308.394897460938,142.703155517578,26.844518661499,47.0306701660156,84.4466171264648,28.6599292755127,52.486629486084,79.1168518066406,44.576000213623,135.360000610352,303.166229248047,29.3117904663086,149.623138427734,251.919998168945
"2023-09-07",175.503158569336,323.666168212891,135.838668823242,148.526458740234,104.629684448242,141.175521850586,310.684173583984,144.063217163086,26.5986728668213,46.2111892700195,82.9711761474609,29.0094394683838,53.1367416381836,78.7162780761719,44.3139991760254,137.850006103516,303.949768066406,29.2350330352783,149.632080078125,251.490005493164
"2023-09-08",176.115966796875,327.943603515625,135.942642211914,149.01838684082,106.153900146484,140.131317138672,310.958465576172,143.444152832031,26.8161525726318,45.5426216125488,83.0215148925781,28.6315879821777,53.234260559082,79.7030487060547,44.2799987792969,138.229995727539,307.310638427734,29.2094535827637,150.143936157227,248.5
"2023-09-11",177.282318115234,331.544158935547,136.538101196289,150.967422485352,104.822509765625,140.000793457031,310.636871337891,145.151260375977,26.9296169281006,45.1488761901855,83.1754760742188,28.2726306915283,53.4195365905762,80.6214141845703,44.5359992980957,143.100006103516,306.489288330078,28.9450721740723,147.046035766602,273.579986572266
"2023-09-12",174.257781982422,325.490936279297,138.314971923828,151.821319580078,107.88013458252,136.241683959961,308.659759521484,142.600006103516,27.3929443359375,44.8410758972168,81.7600631713867,28.5371246337891,53.4780464172363,81.7547225952148,43.4690017700195,141.229995727539,312.3896484375,29.1241683959961,149.784744262695,267.480010986328
"2023-09-13",172.192001342773,329.699798583984,138.381149291992,152.20182800293,106.916023254395,137.346786499023,308.281372070312,143.594223022461,27.3078422546387,45.455680847168,82.5742568969727,28.2537384033203,53.4910430908203,81.559326171875,41.2239990234375,144.850006103516,316.241485595703,29.0644664764404,149.237014770508,271.299987792969
"2023-09-14",173.704254150391,332.289794921875,141.0654296875,151.969802856445,108.825889587402,139.861557006836,311.828796386719,145.170013427734,27.610424041748,45.5516204833984,84.385612487793,28.612699508667,53.7153434753418,82.5363159179688,40.048999786377,144.720001220703,325.294921875,29.1241683959961,150.161880493164,276.040008544922
"2023-09-15",172.982696533203,323.970275878906,140.649536132812,149.84440612793,107.154739379883,139.652740478516,304.043273925781,143.950653076172,27.2700214385986,43.871696472168,82.4532318115234,28.7921752929688,53.5170555114746,83.6110153198242,39.6940002441406,140.389999389648,323.378479003906,29.0559349060059,149.506408691406,274.390014648438
"2023-09-18",175.908401489258,322.832244873047,140.942520141602,150.791076660156,108.017875671387,137.868881225586,300.126861572266,144.494689941406,27.1943778991699,43.9376525878906,82.2905960083008,27.7908744812012,53.1204872131348,83.0638885498047,39.439998626709,139.979995727539,324.114898681641,28.6892280578613,150.152923583984,265.279998779297
"2023-09-19",176.995681762695,322.430053710938,140.762954711914,150.540512084961,107.73323059082,137.494750976562,297.619964599609,144.072601318359,27.0903625488281,43.4919395446777,82.2131500244141,27.9514579772949,53.1074905395508,80.0547561645508,39.6199989318848,137.630004882812,322.764892578125,28.9877147674561,150.134948730469,266.5
"2023-09-20",173.457153320312,314.699157714844,140.167495727539,151.199462890625,106.879295349121,137.172775268555,294.072448730469,143.950653076172,26.9958076477051,42.2117691040039,80.8474731445312,27.9797973632812,53.2797622680664,80.6604995727539,38.6300010681152,135.289993286133,317.865173339844,28.6721649169922,149.677032470703,262.589996337891
"2023-09-21",171.91520690918,313.482604980469,139.071105957031,150.039321899414,105.373435974121,135.249710083008,290.193878173828,142.703155517578,26.5230236053467,40.9905548095703,78.6855621337891,27.5452709197998,52.6329040527344,80.8265838623047,38.4150009155273,129.330001831055,311.766571044922,28.0154857635498,148.330093383789,255.699996948242
"2023-09-22",172.765243530273,311.010345458984,137.738433837891,148.962692260742,105.538711547852,133.813903808594,289.219543457031,142.177886962891,26.1353454589844,41.5831756591797,80.7024307250977,27.3469009399414,52.7726783752441,79.3806381225586,37.9809989929199,129.119995117188,309.548034667969,27.8790340423584,149.308837890625,244.880004882812
"2023-09-25",174.040298461914,311.5302734375,138.418960571289,148.739974975586,106.723205566406,134.275131225586,289.938446044922,141.314971923828,26.0975246429443,42.1947784423828,81.1706237792969,27.3280067443848,53.0067253112793,79.1461563110352,38.4799995422363,131.270004272461,310.444885253906,28.1263523101807,151.490844726562,246.990005493164
"2023-09-26",169.968063354492,306.232482910156,136.982315063477,147.589111328125,106.888473510742,132.178009033203,286.201782226562,140.058074951172,25.6909294128418,41.8839797973633,79.4477233886719,27.3280067443848,52.8214378356934,78.2082443237305,37.9249992370605,125.980003356934,305.705657958984,27.6317138671875,150.673706054688,244.119995117188
"2023-09-27",168.455764770508,306.870208740234,137.785705566406,145.816375732422,110.36848449707,132.621810913086,285.520629882812,138.200897216797,25.7854900360107,42.4406204223633,79.5080718994141,27.5169334411621,52.5678939819336,78.0616912841797,37.7589988708496,125.980003356934,303.940338134766,27.3758640289307,153.583023071289,240.5
"2023-09-28",168.712753295898,307.7041015625,139.496444702148,145.602935791016,109.698196411133,135.310623168945,287.100463867188,137.262924194336,26.059700012207,43.0612182617188,80.9866561889648,28.5560169219971,52.8344421386719,78.2863998413086,37.6360015869141,125.980003356934,307.008575439453,27.3673362731934,153.178955078125,246.380004882812
"2023-09-29",169.226745605469,309.774139404297,137.067398071289,144.554153442383,107.962783813477,135.632568359375,285.842315673828,136.812683105469,25.889497756958,43.4709625244141,80.8484344482422,28.6221389770508,51.9860458374023,79.1852416992188,37.7599983215332,127.120002746582,305.469665527344,28.288387298584,151.410018920898,250.220001220703
"2023-10-02",171.737319946289,315.709655761719,135.885940551758,143.997283935547,106.17227935791,134.94514465332,283.638122558594,136.184265136719,25.2465171813965,44.7531318664551,81.2738189697266,27.9609069824219,52.0413055419922,79.7909622192383,38.0330009460449,129.460006713867,300.683319091797,28.9450721740723,149.54231262207,251.600006103516
"2023-10-03",170.402938842773,307.458862304688,134.884048461914,144.173614501953,106.355911254883,133.787841796875,276.174255371094,136.465667724609,24.4995212554932,43.4889373779297,79.3153381347656,27.0068340301514,51.7129974365234,77.7099761962891,37.6749992370605,124.720001220703,288.995880126953,28.910961151123,149.892517089844,246.529998779297
"2023-10-04",171.648345947266,312.923400878906,135.488952636719,144.340698242188,102.380081176758,133.76171875,276.599914550781,136.915893554688,24.527889251709,44.0126113891602,80.189453125,28.0648136138916,52.3338623046875,77.4950332641602,37.689998626709,127,291.337158203125,28.4077911376953,146.399551391602,261.160003662109
"2023-10-05",172.883880615234,313.315826416016,136.060211181641,145.84423828125,100.075386047363,133.465835571289,275.947204589844,134.880462646484,24.6413555145264,44.6591911315918,80.1943206787109,28.0553703308105,51.7097511291504,78.9507522583008,37.2589988708496,125.959999084473,293.130798339844,28.544246673584,147.171752929688,260.049987792969
"2023-10-06",175.434005737305,321.066345214844,138.15495300293,146.308288574219,98.4042434692383,134.240310668945,277.006713867188,135.152481079102,24.6508121490479,45.7325057983398,82.2773971557617,27.6113929748535,50.8418502807617,81.0317535400391,38.1510009765625,127.959999084473,295.000061035156,28.254280090332,145.672210693359,260.529998779297
"2023-10-09",176.916610717773,323.577850341797,137.840759277344,147.143585205078,101.847518920898,134.301193237305,279.409515380859,134.4677734375,24.8777484893799,45.2438163757324,83.3111343383789,27.9420127868652,50.656566619873,82.7512512207031,38.5950012207031,128.259994506836,295.122772216797,28.3139743804932,149.703964233398,259.670013427734
"2023-10-10",176.323547363281,322.175018310547,138.678619384766,146.976516723633,101.415954589844,135.354141235352,283.061065673828,135.799667358398,25.5396423339844,45.7684745788574,83.5574188232422,28.7354965209961,51.2286682128906,83.0345840454102,37.3320007324219,129.479995727539,297.161956787109,28.288387298584,149.54231262207,263.619995117188
"2023-10-11",177.717239379883,326.128692626953,139.154678344727,144.953247070312,97.7798538208008,135.136596679688,281.954254150391,134.130096435547,25.5490970611572,46.775821685791,85.1294326782227,28.6977100372314,51.4334487915039,82.8978042602539,36.5929985046387,131.830001831055,295.509826660156,28.2372245788574,144.657531738281,262.989990234375
"2023-10-12",178.616714477539,324.892517089844,138.830963134766,145.09245300293,97.7614974975586,135.20622253418,277.195892333984,134.430267333984,25.4356288909912,46.9147262573242,88.15087890625,27.3941287994385,51.6674957275391,82.409309387207,36.1199989318848,132.330001831055,292.517181396484,28.0751857757568,144.774276733398,258.869995117188
"2023-10-13",176.778244018555,321.527435302734,140.916137695312,145.575073242188,100.883407592773,134.94514465332,276.155303955078,135.715255737305,25.3032531738281,45.4316864013672,85.9685134887695,27.3846836090088,51.953540802002,82.409309387207,35.568000793457,129.789993286133,291.997924804688,27.384391784668,147.3154296875,251.119995117188
"2023-10-16",176.649719238281,326.344543457031,140.773330688477,146.206192016602,100.956855773926,136.311294555664,281.273132324219,137.009674072266,25.5207328796387,46.0652847290039,87.8559341430664,28.404878616333,52.4021110534668,83.7380218505859,36.0820007324219,132.550003051758,296.803192138672,28.3736743927002,148.518676757812,253.919998168945
"2023-10-17",175.097915649414,325.775512695312,140.468627929688,144.869705200195,102.279075622559,136.772491455078,279.958251953125,137.187866210938,26.1164360046387,43.9096794128418,86.087272644043,29.6612281799316,52.4703750610352,84.2167358398438,35.5719985961914,131.470001220703,292.054595947266,27.9302043914795,150.485153198242,254.850006103516
"2023-10-18",173.803085327148,323.862365722656,138.926177978516,141.751220703125,103.711479187012,133.848739624023,274.566040039062,140.724044799805,25.8233089447021,42.1688003540039,86.3432922363281,29.2267036437988,52.5093879699707,82.7317123413086,34.6189994812012,128.130004882812,285.068511962891,26.7874088287354,151.679412841797,242.679992675781
"2023-10-19",173.427520751953,325.049530029297,138.335861206055,141.370697021484,103.775749206543,132.317230224609,271.283447265625,139.932113647461,25.4923610687256,42.0738639831543,84.4743499755859,29.3022708892822,52.259090423584,81.3346176147461,40.1769981384277,128.399993896484,282.453460693359,26.5997848510742,151.841018676758,220.110000610352
"2023-10-20",170.877395629883,320.487548828125,136.107864379883,142.001815795898,101.994430541992,132.230224609375,270.942810058594,139.743347167969,24.8777484893799,41.3603172302246,83.0921325683594,29.1039028167725,51.6057281494141,80.7484283447266,40.0960006713867,125.169998168945,283.265380859375,26.1392574310303,149.802703857422,211.990005493164
"2023-10-23",170.995986938477,323.087371826172,134.251174926758,140.507568359375,100.497756958008,128.923599243164,269.675262451172,139.837707519531,24.1780319213867,42.9472923278809,83.9282760620117,28.7260513305664,52.3371086120605,81.1880722045898,40.6839981079102,126.559997558594,282.481781005859,26.3012962341309,144.280410766602,212.080001831055
"2023-10-24",171.430892944336,324.274444580078,134.413055419922,140.35905456543,99.5244522094727,129.932983398438,268.010284423828,141.489501953125,24.0834770202637,43.6348533630371,85.7670211791992,28.6788215637207,53.0652313232422,80.6604995727539,41.3730010986328,128.559997558594,282.444061279297,25.9516334533691,140.661727905273,216.520004272461
"2023-10-25",169.118026733398,334.222595214844,133.679885864258,140.67463684082,99.7080993652344,127.853294372559,265.7587890625,142.150268554688,24.1591205596924,41.7520713806152,82.7027587890625,28.7354965209961,52.9059524536133,78.7358169555664,41.125,121.389999389648,280.159454345703,26.2074871063232,139.961334228516,212.419998168945
"2023-10-26",164.956787109375,321.684448242188,134.022674560547,138.289367675781,98.799072265625,120.265472412109,262.986999511719,141.395156860352,24.6980934143066,40.3000030517578,80.4756393432617,28.404878616333,52.5841407775879,77.944450378418,40.3540000915527,119.569999694824,280.376556396484,26.5742053985596,138.955627441406,205.759994506836
"2023-10-27",166.271377563477,323.568084716797,129.195327758789,135.133758544922,96.916748046875,117.324317932129,261.530181884766,138.903289794922,23.7998085021973,40.4738922119141,81.6057434082031,28.2726306915283,52.3891105651855,77.5048065185547,39.7869987487793,127.73999786377,273.692626953125,25.678731918335,129.617111206055,207.300003051758
"2023-10-30",168.3173828125,330.926116943359,130.842529296875,136.460968017578,97.2197570800781,120.761459350586,266.279144287109,140.885452270508,24.2915000915527,41.1344680786133,81.8870544433594,28.9055309295654,52.9904670715332,78.8237380981445,41.007999420166,132.710006713867,284.001770019531,26.0539741516113,131.179504394531,197.360000610352
"2023-10-31",168.791839599609,331.7109375,132.404037475586,137.676818847656,97.1921997070312,122.910774230957,269.315765380859,141.612243652344,24.9061126708984,40.7537117004395,81.8987503051758,29.3495044708252,53.1172409057617,79.7128143310547,41.1689987182617,133.089996337891,286.626281738281,26.0625038146973,130.856262207031,200.839996337891
"2023-11-01",171.954742431641,339.520355224609,132.289794921875,138.001647949219,96.999382019043,121.649032592773,271.151000976562,141.215805053711,24.9628486633301,42.297721862793,83.0249481201172,29.1511325836182,53.5918159484863,79.2047729492188,42.0190010070801,137,289.977630615234,26.0198593139648,129.284866333008,205.660003662109
"2023-11-02",175.513061523438,341.727752685547,134.651062011719,139.440231323242,100.185569763184,123.5546875,278.624328613281,142.943130493164,26.1164360046387,43.4779434204102,84.8121185302734,28.565465927124,53.8031044006348,81.3736953735352,42.4710006713867,138.070007324219,296.208465576172,26.0113353729248,133.576995849609,218.509994506836
"2023-11-03",174.603698730469,346.122985839844,136.15544128418,140.461166381836,98.9643402099609,124.311721801758,279.64599609375,141.649993896484,26.8728828430176,44.9759864807129,85.9198379516602,29.3684005737305,53.5235595703125,83.1127471923828,43.2360000610352,138.600006103516,309.293121337891,26.6594848632812,132.544403076172,219.960006713867
"2023-11-06",177.153839111328,349.782348632812,137.18376159668,140.795288085938,97.2105712890625,123.798324584961,278.662200927734,142.471176147461,26.787784576416,45.721508026123,85.7397689819336,29.1039028167725,53.5950698852539,82.0868988037109,43.4739990234375,139.740005493164,305.790679931641,26.5912590026855,131.996643066406,219.270004272461
"2023-11-07",179.713836669922,353.706634521484,137.117126464844,140.052795410156,95.6863327026367,123.432861328125,278.851348876953,142.140808105469,26.6270408630371,45.9253768920898,87.3935699462891,29.0472240447998,53.8453559875488,82.6437911987305,43.4609985351562,142.710006713867,305.828460693359,26.6509552001953,129.670974731445,222.179992675781
"2023-11-08",180.771423339844,356.326141357422,137.793121337891,139.542327880859,94.5110397338867,123.519882202148,279.939300537109,141.593338012695,26.3717346191406,46.5439796447754,88.6891632080078,28.6788215637207,53.4065322875977,82.5558624267578,43.6650009155273,142.080001831055,306.404266357422,26.2842407226562,127.866119384766,222.110000610352
"2023-11-09",180.297012329102,353.863647460938,137.383712768555,136.82292175293,94.5385894775391,121.779556274414,272.323974609375,141.914291381836,26.0313339233398,46.9197273254395,88.7134857177734,28.9527626037598,53.2830123901367,88.2614898681641,43.5149993896484,140.600006103516,302.835754394531,25.6532821655273,127.453094482422,209.979995727539
"2023-11-10",184.483489990234,362.673675537109,139.421264648438,136.665145874023,95.2639617919922,121.585876464844,275.843170166016,142.914794921875,26.1731662750244,48.3038368225098,93.2047576904297,29.0472240447998,54.0208969116211,86.2391204833984,44.7239990234375,143.559997558594,307.301177978516,25.480411529541,128.359985351562,214.649993896484
"2023-11-13",182.899948120117,359.740295410156,138.80241394043,137.017852783203,96.2648086547852,121.638694763184,272.513214111328,143.905899047852,26.192081451416,48.5886535644531,92.1739273071289,29.6517810821533,54.5052185058594,87.382194519043,44.4620018005371,142.589996337891,308.622863769531,25.0482501983643,129.302825927734,223.710006713867
"2023-11-14",185.512802124023,363.262329101562,141.335067749023,137.045684814453,96.6354751586914,126.040466308594,287.232940673828,143.584945678711,27.6293354034424,49.6239852905273,94.7076644897461,31.0333766937256,54.4954681396484,88.9747009277344,44.8650016784668,145.800003051758,319.772216796875,25.2902603149414,130.245666503906,237.410003662109
"2023-11-15",186.076934814453,363.409790039062,142.572860717773,138.103744506836,96.0517044067383,129.561904907227,291.546630859375,142.924255371094,28.0075626373291,48.8564796447754,94.9451904296875,31.5288429260254,55.1878433227539,91.7688980102539,46.1940002441406,143.199996948242,318.714874267578,26.0940895080566,130.70361328125,242.839996337891
"2023-11-16",187.759475708008,369.799713134766,144.20100402832,139.310287475586,94.9397735595703,129.332992553711,289.891204833984,144.255157470703,27.9319152832031,49.4481048583984,93.4023590087891,30.6427230834961,50.7215766906738,92.3355560302734,46.6949996948242,142.830001831055,317.836883544922,25.7310695648193,128.634872436523,233.589996337891
"2023-11-17",187.739669799805,363.586700439453,145.505432128906,139.022583007812,97.2562866210938,130.274978637695,290.676330566406,142.593887329102,28.3479614257812,49.2662239074707,95.1719970703125,31.0333766937256,50.4972953796387,91.9838409423828,46.5909996032715,145.179992675781,320.215942382812,25.8607196807861,131.075592041016,234.300003051758
"2023-11-20",189.481567382812,371.048187255859,145.952941894531,140.248168945312,96.8300552368164,131.674758911133,291.546630859375,141.838790893555,28.3763294219971,50.3765029907227,96.9221572875977,31.1858234405518,50.4810409545898,92.8435974121094,47.4469985961914,146.130004882812,320.46142578125,25.9125804901123,131.003021240234,235.600006103516
"2023-11-21",188.679901123047,366.752166748047,145.648254394531,141.380157470703,96.7929840087891,131.850814819336,288.850555419922,141.215805053711,28.0453834533691,49.9118003845215,95.5097503662109,30.680835723877,50.6630744934082,92.2769317626953,47.4949989318848,143.899993896484,316.231994628906,26.1891613006592,130.694519042969,241.199996948242
"2023-11-22",189.343017578125,371.451293945312,145.991027832031,141.099517822266,96.3760223388672,132.71354675293,292.502105712891,142.546691894531,28.0170154571533,48.6845893859863,94.6142272949219,31.1000728607178,50.2762603759766,92.8826675415039,47.7999992370605,146.710006713867,319.696716308594,26.2064514160156,130.957656860352,234.210006713867
"2023-11-24",188.016799926758,371.038391113281,146.190963745117,142.671234130859,96.8949127197266,133.840438842773,293.921203613281,142.886505126953,28.1115703582764,47.7451972961426,95.282958984375,30.9762020111084,50.728084564209,93.8498916625977,47.9560012817383,146.740005493164,320.178161621094,26.3620281219482,131.474853515625,235.449996948242
"2023-11-27",187.838638305664,372.198364257812,145.857711791992,141.529830932617,96.3296813964844,131.692352294922,294.129241943359,142.754364013672,27.9508285522461,48.2108917236328,92.4961242675781,30.9476222991943,50.9588737487793,92.9803695678711,47.9169998168945,147.729995727539,318.818695068359,26.0508728027344,130.984878540039,236.080001831055
"2023-11-28",188.442367553711,376.219116210938,146.190963745117,141.857299804688,96.2741012573242,132.704788208008,296.418579101562,143.74543762207,27.9224586486816,47.790168762207,92.1174697875977,30.709415435791,51.5667266845703,90.3718032836914,47.9000015258789,147.029998779297,318.762054443359,25.661922454834,132.0283203125,246.720001220703
"2023-11-29",187.422973632812,372.434326171875,146.933639526367,142.306350708008,94.8285980224609,134.069320678711,296.199493408203,142.650512695312,28.6599979400635,48.1089706420898,91.5801544189453,30.3663997650146,50.7345886230469,90.3718032836914,47.7190017700195,146.320007324219,323.863800048828,25.9990119934082,130.576583862305,244.139999389648
"2023-11-30",187.996963500977,372.493347167969,148.609405517578,144.692016601562,95.1992263793945,133.470657348633,298.551788330078,144.90641784668,29.060302734375,46.7398490905762,90.1103210449219,29.8709354400635,50.6078071594238,90.5574264526367,47.3969993591309,146.089996337891,325.082092285156,26.3360996246338,130.295288085938,240.080001831055
"2023-12-01",189.27375793457,368.167877197266,149.333023071289,148.172241210938,95.4308776855469,136.375839233398,304.389678955078,144.094650268555,29.508264541626,46.7348480224609,90.5259552001953,31.3382778167725,50.1689872741699,90.4499588012695,46.5740013122559,147.029998779297,331.64013671875,24.9877471923828,131.393173217773,238.830001831055
"2023-12-04",187.482345581055,362.888763427734,150.428009033203,148.640029907227,94.9119873046875,137.265014648438,308.580017089844,143.528335571289,29.3748302459717,45.4806594848633,89.9390182495117,31.452615737915,50.1559906005859,89.8930740356445,45.3899993896484,144.839996337891,332.553863525391,25.3075466156006,131.447631835938,235.580001831055
"2023-12-05",191.431304931641,366.211486816406,150.408935546875,148.331283569336,93.0680465698242,135.715591430664,308.084808349609,138.525680541992,29.1460838317871,46.5400772094727,88.8828659057617,30.7284736633301,50.6208114624023,88.7011413574219,45.5149993896484,146.880004882812,325.281982421875,25.1433238983154,129.623840332031,238.720001220703
"2023-12-06",190.342636108398,362.554504394531,148.828384399414,146.525665283203,91.8356475830078,136.710372924805,310.570404052734,138.421859741211,29.0984306335449,45.4776611328125,87.9600830078125,31.6431789398193,50.071475982666,89.3947982788086,44.6730003356934,144.520004272461,325.491455078125,24.8840293884277,129.324432373047,239.369995117188
"2023-12-07",192.272567749023,364.668121337891,149.285430908203,145.384292602539,91.1963043212891,137.775619506836,310.627624511719,138.280303955078,29.2223320007324,46.5700569152832,89.7725524902344,32.2148704528809,49.741943359375,90.2252426147461,45.2000007629395,146.880004882812,328.013702392578,24.7457370758057,129.224624633789,242.639999389648
"2023-12-08",193.69775390625,367.892608642578,150.9326171875,144.467483520508,92.2433624267578,137.599533081055,310.913299560547,137.006042480469,29.508264541626,47.479549407959,91.9179153442383,31.7003536224365,49.2199325561523,90.9799880981445,45.3759994506836,147.419998168945,333.924438476562,24.8753833770752,130.939514160156,243.839996337891
"2023-12-11",191.193801879883,365.012145996094,151.484848022461,145.066223144531,92.3082275390625,137.141754150391,315.541656494141,137.638442993164,29.4034233093262,46.6010398864746,100.185966491699,31.776575088501,49.3439025878906,90.3722763061523,45.9889984130859,145.889999389648,334.809631347656,24.7543754577637,130.975799560547,239.740005493164
"2023-12-12",192.708084106445,368.0400390625,152.836883544922,145.075592041016,90.8534622192383,136.780807495117,317.322601318359,137.751708984375,29.2985820770264,47.6304626464844,104.375450134277,31.271577835083,49.383056640625,89.2646789550781,46.2999992370605,147.479995727539,335.61865234375,24.7025165557861,129.297210693359,237.009994506836
"2023-12-13",195.924652099609,368.030181884766,153.351028442383,145.749176025391,91.6595916748047,138.435882568359,327.036560058594,140.243606567383,30.5376224517822,48.0612297058105,106.070152282715,31.8528003692627,50.2607040405273,90.9897918701172,47.9980010986328,148.839996337891,345.251037597656,23.043004989624,131.211730957031,239.289993286133
"2023-12-14",196.073089599609,359.733123779297,156.140808105469,146.759567260742,94.1243667602539,142.934509277344,335.045837402344,136.543548583984,32.3485298156738,48.3230819702148,107.705451965332,32.7389259338379,49.647331237793,92.0777816772461,46.9830017089844,147.419998168945,364.991577148438,22.5849113464355,136.038818359375,251.050003051758
"2023-12-15",195.538650512695,364.451782226562,157.321441650391,145.159790039062,93.494270324707,143.445114135742,337.131500244141,135.882827758789,32.024471282959,48.8627738952637,109.968597412109,32.4721336364746,49.8332977294922,91.607292175293,47.2060012817383,149.970001220703,362.174285888672,23.0170764923096,135.512557983398,253.5
"2023-12-18",193.875915527344,366.339324951172,158.27360534668,145.421737670898,94.1892318725586,142.239028930664,334.093475341797,137.968826293945,31.8624420166016,50.0491180419922,111.648681640625,32.5197830200195,50.5608596801758,91.0191955566406,48.6119995117188,154.070007324219,358.262268066406,23.3887405395508,135.811996459961,252.080001831055
"2023-12-19",194.915130615234,366.938995361328,160.387313842773,146.375991821289,95.4308776855469,142.283020019531,335.293426513672,137.968826293945,31.9386920928955,49.5763740539551,111.436492919922,33.5297660827637,50.7435760498047,92.067985534668,49.5019989013672,153.789993286133,364.020751953125,24.3394985198975,137.590393066406,257.220001220703
"2023-12-20",192.826812744141,364.343688964844,158.57829284668,143.391586303711,93.8371200561523,138.180587768555,332.045928955078,135.83561706543,31.4335460662842,48.0842094421387,108.581100463867,33.0628852844238,50.1497764587402,89.4607086181641,48.9269981384277,152.119995117188,359.328338623047,23.8814067840576,136.329177856445,247.139999389648
"2023-12-21",192.678344726562,367.214233398438,159.482788085938,144.860366821289,94.2633666992188,138.356628417969,332.341156005859,136.165985107422,31.6432304382324,48.9627227783203,110.234680175781,33.8251419067383,50.5053939819336,90.1958465576172,49.1609992980957,153.839996337891,362.231414794922,24.4691486358643,136.746536254883,254.5
"2023-12-22",191.609466552734,368.236633300781,159.387573242188,145.440460205078,94.4301528930664,139.316253662109,331.979217529297,137.12873840332,31.8624420166016,48.8028144836426,109.715431213379,34.0442886352539,51.1089820861816,89.2156600952148,48.6759986877441,153.419998168945,362.307464599609,24.5469398498535,137.055053710938,252.539993286133
"2023-12-26",191.065124511719,368.315307617188,160.330200195312,146.076629638672,94.6432647705078,139.12255859375,332.664978027344,137.751708984375,32.2722778320312,49.2515563964844,110.684501647949,34.2253265380859,51.0306777954102,89.1470489501953,49.1189994812012,153.410003662109,363.221221923828,24.5555820465088,138.289047241211,256.609985351562
"2023-12-27",191.164093017578,367.735260009766,161.29182434082,146.273071289062,94.1984939575195,138.074935913086,331.922119140625,137.864990234375,32.2532234191895,49.3894882202148,110.125160217285,34.4444694519043,51.5102920532227,88.5883560180664,49.1790008544922,153.339996337891,365.952911376953,24.7284488677979,137.835372924805,261.440002441406
"2023-12-28",191.58967590332,368.924774169922,162.148773193359,146.488265991211,92.8363952636719,138.488708496094,330.807830810547,137.553497314453,32.2913436889648,49.4944267272949,109.757469177246,33.6536407470703,51.4091453552246,88.6079559326172,49.0509986877441,153.380004882812,367.789916992188,24.8840293884277,135.893646240234,253.179992675781
"2023-12-29",190.550445556641,369.671905517578,161.958343505859,146.637954711914,92.6418075561523,138.418258666992,330.036407470703,138.318054199219,32.0911903381348,49.4944267272949,109.15510559082,33.3582572937012,51.4352493286133,88.5001373291016,48.6879997253418,151.940002441406,367.180786132812,24.8840293884277,135.340179443359,248.479995727539
"2024-01-02",183.731307983398,364.589447021484,163.84358215332,149.659774780273,94.8471221923828,139.395462036133,328.636505126953,140.394607543945,32.3104133605957,48.1411743164062,106.136421203613,32.7389259338379,51.9703140258789,88.9118118286133,46.8499984741211,149.929992675781,369.5888671875,25.6964950561523,135.630508422852,248.419998168945
"2024-01-03",182.355590820312,364.324035644531,163.129470825195,150.595306396484,95.6440048217773,138.691192626953,322.141479492188,139.545104980469,31.9577560424805,47.5425071716309,103.515724182129,31.6241245269775,51.973575592041,89.8331832885742,47.0260009765625,148.470001220703,363.392608642578,25.6964950561523,138.216461181641,238.449996948242
"2024-01-04",180.039657592773,361.709045410156,164.212020874023,150.277236938477,94.8100662231445,138.206985473633,322.455780029297,140.309661865234,32.2150993347168,47.9712791442871,102.579895019531,31.8528003692627,51.471134185791,88.7647857666016,47.4669990539551,144.570007324219,364.496704101562,25.1433238983154,136.701202392578,237.929992675781
"2024-01-05",179.317138671875,361.522247314453,165.035903930664,150.744995117188,95.0973129272461,139.730010986328,326.598510742188,139.148681640625,32.8155517578125,49.0696678161621,102.606292724609,31.8528003692627,51.1285629272461,89.0980529785156,47.4059982299805,145.240005493164,367.818511962891,25.4717693328857,136.465270996094,237.490005493164
"2024-01-08",183.652130126953,368.344757080078,164.796417236328,151.119247436523,93.5128173828125,140.786422729492,331.350677490234,140.347442626953,32.558219909668,52.2238998413086,105.106712341309,32.757984161377,51.6310081481934,89.7351608276367,48.5029983520508,149.100006103516,370.121887207031,25.5668487548828,135.648666381836,240.449996948242
"2024-01-09",183.236450195312,369.426147460938,163.493545532227,151.212783813477,92.3545455932617,140.804016113281,329.693572998047,140.923202514648,32.0530662536621,53.1104125976562,105.853813171387,32.4816627502441,51.9768409729004,87.8924331665039,48.2089996337891,151.369995117188,365.248565673828,25.4112682342529,132.200729370117,234.960006713867
"2024-01-10",184.275650024414,376.287933349609,163.838424682617,151.437301635742,91.4464874267578,141.930877685547,339.798004150391,141.527282714844,32.024471282959,54.3197364807129,105.666061401367,32.615062713623,52.6228408813477,87.5199661254883,47.8330001831055,153.729995727539,363.554412841797,25.0568904876709,131.111907958984,233.940002441406
"2024-01-11",183.68180847168,378.116485595703,163.148651123047,150.763687133789,91.4279556274414,140.196578979492,339.540924072266,142.065307617188,31.5955772399902,54.7914695739746,107.564109802246,31.5193157196045,52.5641174316406,87.6767883300781,49.2229995727539,155.179992675781,361.450897216797,24.5469398498535,131.81965637207,227.220001220703
"2024-01-12",184.008407592773,381.891387939453,161.951126098633,151.923797607422,92.6139984130859,139.369064331055,338.759979248047,142.150268554688,31.2619876861572,54.6795349121094,108.317070007324,30.8618659973145,52.6326293945312,88.558952331543,49.2159996032715,154.619995117188,359.547210693359,24.8062419891357,133.625259399414,218.889999389648
"2024-01-16",181.742004394531,383.660888671875,160.935653686523,150.17431640625,90.5198822021484,136.745590209961,341.350341796875,141.385696411133,30.6138725280762,56.3506088256836,109.028968811035,30.5950794219971,52.7990188598633,91.2054290771484,48.1240005493164,153.160003662109,362.1171875,24.4777927398682,130.376953125,219.910003662109
"2024-01-17",180.801742553711,382.874420166016,160.073440551758,150.090118408203,89.8619995117188,136.067733764648,338.75048828125,141.527282714844,30.3088779449463,56.0217895507812,107.924942016602,30.6236591339111,52.5510673522949,88.5491409301758,48.0330009460449,151.710006713867,359.004730224609,24.3308582305908,129.859771728516,215.550003051758
"2024-01-18",186.690567016602,387.199981689453,160.389572143555,150.819854736328,89.6952056884766,137.802032470703,340.845581054688,140.711364746094,30.2421588897705,57.0752029418945,111.859901428223,31.1191291809082,53.2590484619141,90.382080078125,48.5309982299805,153.5,358.747741699219,24.2789993286133,128.680236816406,211.880004882812
"2024-01-19",189.590423583984,391.918670654297,163.158203125,151.259552001953,89.8341979980469,138.118942260742,345.140716552734,140.169952392578,30.7091846466064,59.4578742980957,118.440010070801,31.1572418212891,52.9784698486328,91.215217590332,48.2949981689453,155.339996337891,363.782836914062,24.4432220458984,129.061279296875,212.190002441406
"2024-01-22",191.896484375,389.795257568359,162.966613769531,151.998626708984,89.7137298583984,139.624359130859,339.693267822266,140.445419311523,31.0237083435059,59.6207847595215,119.34944152832,32.4530754089355,52.9817352294922,93.195182800293,48.5709991455078,154.779998779297,367.361633300781,24.4691486358643,129.288162231445,208.800003051758
"2024-01-23",193.173217773438,392.144714355469,161.893646240234,149.510070800781,90.7237396240234,140.909652709961,334.064910888672,146.258499145508,31.2333908081055,59.8396644592285,119.917579650879,32.1577033996582,53.1154975891113,91.9111480712891,49.2190017700195,156.020004272461,362.421691894531,24.5728702545166,128.925216674805,209.139999389648
"2024-01-24",192.500213623047,395.742858886719,163.340255737305,148.714859008789,92.2896881103516,137.846054077148,330.72216796875,144.491760253906,31.4335460662842,61.3278312683105,122.612594604492,31.7861022949219,52.3650894165039,91.6464996337891,54.4869995117188,156.869995117188,361.117767333984,24.4864349365234,131.493011474609,207.830001831055
"2024-01-25",192.173614501953,398.013671875,165.677780151367,149.27619934082,94.6340026855469,140.6015625,334.245849609375,147.816268920898,31.8243198394775,61.582691192627,120.27840423584,32.0338401794434,53.128547668457,92.9795455932617,56.2000007629395,157.75,364.258728027344,24.1004123687744,134.804840087891,182.630004882812
"2024-01-26",190.44157409668,397.089599609375,165.045501708984,149.22004699707,95.4401321411133,140.240615844727,338.369506835938,148.310195922852,31.8624420166016,60.9970169067383,117.821990966797,31.9766712188721,53.5951042175293,93.4696350097656,57.0419998168945,159.119995117188,359.585357666016,24.1004123687744,135.322006225586,183.25
"2024-01-29",189.758712768555,402.781555175781,165.476593017578,149.089065551758,95.5606002807617,139.113754272461,338.75048828125,148.329177856445,32.0340042114258,62.4302139282227,119.082481384277,33.2058067321777,53.846321105957,95.5574111938477,57.5789985656738,161.259994506836,362.221893310547,24.1091842651367,135.267578125,190.929992675781
"2024-01-30",186.106628417969,401.670684814453,168.867965698242,148.537109375,97.1543579101562,127.70435333252,340.083740234375,149.592514038086,33.1586761474609,62.7390403747559,118.14274597168,32.9199562072754,54.0257720947266,95.0183181762695,56.2849998474121,159,368.227783203125,23.7056064605713,136.211196899414,191.589996337891
"2024-01-31",182.504058837891,390.847137451172,167.038146972656,148.658706665039,95.2640838623047,124.922409057617,336.141052246094,149.260040283203,32.4152450561523,61.4927406311035,115.389053344727,32.7484550476074,53.9148445129395,94.1459503173828,56.4109992980957,155.199996948242,365.505645751953,23.758243560791,133.770431518555,187.289993286133
"2024-02-01",184.938751220703,396.942138671875,166.434600830078,148.153518676758,94.8749237060547,125.37141418457,342.912261962891,151.19775390625,31.9768123626709,62.9919090270996,117.345764160156,34.0538177490234,54.913200378418,95.1359252929688,56.7509994506836,159.279998779297,365.353271484375,23.9424877166748,134.18782043457,188.860000610352
"2024-02-02",183.939163208008,404.256164550781,167.392608642578,146.516296386719,94.4857482910156,124.878402709961,340.207550048828,150.162414550781,31.9005737304688,66.123161315918,119.724945068359,33.7489166259766,55.3242950439453,95.2045440673828,56.4640007019043,171.809997558594,369.170074462891,23.6266498565674,138.134811401367,187.910003662109
"2024-02-05",185.750289916992,398.780456542969,167.172271728516,145.758529663086,94.0965728759766,122.439826965332,338.217193603516,150.276412963867,31.4430751800537,69.2933959960938,121.559425354004,32.5769424438477,55.0273895263672,94.7340545654297,56.2060012817383,170.309997558594,364.563323974609,23.3108081817627,138.216461181641,181.059997558594
"2024-02-06",187.353698730469,398.623199462891,167.747085571289,147.87287902832,94.7451934814453,128.461441040039,339.274230957031,150.988784790039,31.4907283782959,68.1850128173828,119.559677124023,32.4816627502441,55.4025993347168,97.3217315673828,55.5880012512207,169.149993896484,366.438354492188,24.1267280578613,138.234603881836,185.100006103516
"2024-02-07",187.462539672852,407.038208007812,168.063201904297,147.798004150391,94.7173919677734,129.623519897461,345.407379150391,151.140762329102,31.6241703033447,70.0599594116211,122.924530029297,32.5864715576172,55.2623023986816,97.1747055053711,55.9300003051758,170.529998779297,368.027923583984,24.1793670654297,138.03498840332,187.580001831055
"2024-02-08",186.383743286133,407.097229003906,167.459655761719,146.319839477539,96.3389587402344,130.222137451172,346.388336181641,150.684829711914,31.5669784545898,69.6022186279297,124.655372619629,33.9585342407227,55.2590446472168,108.34871673584,55.8530006408691,169.839996337891,366.486022949219,24.1881427764893,139.786163330078,189.559997558594
"2024-02-09",187.14680480957,413.428131103516,167.660858154297,146.656661987305,94.3004150390625,128.760772705078,345.845428466797,149.526000976562,31.5193271636963,72.0928497314453,125.50415802002,33.4535369873047,55.229679107666,106.241325378418,56.1319999694824,174.449996948242,365.743530273438,24.1793670654297,137.045959472656,193.570007324219
"2024-02-12",185.462127685547,408.227783203125,168.408096313477,147.676406860352,95.5976715087891,129.808380126953,348.035858154297,149.231567382812,32.0435447692871,72.2077713012695,123.700973510742,33.5107116699219,55.5624618530273,107.123504638672,55.7849998474121,172.339996337891,373.719757080078,24.2671031951904,137.989624023438,188.130004882812
"2024-02-13",183.371154785156,399.439117431641,166.942321777344,146.385375976562,94.7746734619141,127.563507080078,340.550354003906,148.433670043945,31.2143325805664,72.0878448486328,122.3955078125,32.5674209594727,55.1839942932129,108.270294189453,55.4519996643066,168.639999389648,360.4990234375,23.6617412567139,136.646759033203,184.020004272461
"2024-02-14",182.489196777344,403.299896240234,168.638000488281,145.702423095703,94.3070678710938,126.964828491211,341.159912109375,147.825759887695,31.5765151977539,73.8588562011719,123.429122924805,32.2053451538086,55.0078201293945,109.348487854004,57.9329986572266,170.979995727539,359.823272705078,23.7845668792725,137.018768310547,188.710006713867
"2024-02-15",182.201797485352,400.414154052734,172.316757202148,147.741897583008,97.0098495483398,129.394638061523,343.874084472656,149.136566162109,32.4724349975586,72.6175308227539,123.707817077637,33.2629776000977,55.2329444885254,110.220848083496,59.3460006713867,169.800003051758,366.847686767578,24.1355018615723,141.678405761719,200.449996948242
"2024-02-16",180.665786743164,397.951934814453,171.512023925781,147.572219848633,97.0098495483398,132.118713378906,345.083557128906,149.61149597168,32.4914970397949,72.5725631713867,121.792152404785,33.2820281982422,55.5820426940918,109.3876953125,58.3950004577637,169.509994506836,365.914916992188,24.2320079803467,141.834335327148,199.949996948242
"2024-02-20",179.922546386719,396.701171875,172.182632446289,148.807083129883,96.0933380126953,132.323471069336,345.293090820312,150.561340332031,32.3675918579102,69.4133224487305,119.941055297852,33.1200523376465,57.3764801025391,107.270530700684,57.5130004882812,167.080001831055,365.991088867188,24.2056865692139,141.256454467773,193.759994506836
"2024-02-21",180.675704956055,396.100372314453,173.303512573242,149.580062866211,98.0572814941406,131.994079589844,346.778747558594,152.356552124023,32.1197929382324,67.434440612793,120.02906036377,32.615062713623,56.6717567443848,105.535598754883,57.3349990844727,168.589996337891,369.560363769531,24.2758769989014,142.577301025391,194.770004272461
"2024-02-22",182.70719909668,405.427185058594,175.382385253906,151.248565673828,97.9731216430664,133.293823242188,353.645202636719,152.508544921875,32.0340042114258,78.494270324707,127.602691650391,33.6631660461426,57.2296714782715,105.506202697754,58.8470001220703,174.580001831055,371.654296875,24.1705951690674,142.568099975586,197.410003662109
"2024-02-23",180.873901367188,404.137054443359,176.263763427734,152.558837890625,97.1127166748047,132.314575195312,354.235656738281,152.954986572266,32.3294677734375,78.7731170654297,126.768562316895,34.1586265563965,57.2786064147949,105.604217529297,58.3559989929199,174.990005493164,372.206329345703,24.3548355102539,141.861831665039,191.970001220703
"2024-02-26",179.526168823242,401.37939453125,175.660202026367,151.569046020508,97.4961624145508,131.308609008789,353.892791748047,152.185607910156,32.0340042114258,79.047966003418,128.016311645508,33.9775924682617,58.335693359375,105.54541015625,58.7649993896484,174.729995727539,371.416320800781,23.845983505249,141.669235229492,199.399993896484
"2024-02-27",180.982879638672,401.320251464844,175.746444702148,151.748168945312,97.290412902832,131.994079589844,357.664093017578,151.311721801758,32.6725921630859,78.6571731567383,126.754859924316,33.8060836791992,58.3259010314941,107.250907897949,60.1669998168945,173.539993286133,371.977905273438,23.591552734375,139.568695068359,199.729995727539
"2024-02-28",179.783813476562,401.556610107422,176.63737487793,152.285461425781,97.5616149902344,131.548980712891,359.616424560547,152.024124145508,32.7011833190918,77.619758605957,126.088943481445,33.558349609375,58.3552627563477,108.603561401367,59.6479988098145,173.160003662109,376.8857421875,23.7231540679932,139.733810424805,202.039993286133
"2024-02-29",179.119857788086,407.387145996094,178.246841430664,152.125228881836,97.7486572265625,131.985168457031,362.473388671875,150.969802856445,33.1330986022949,79.0679473876953,127.171447753906,33.7108001708984,57.36669921875,109.368095397949,60.2919998168945,176.759994506836,372.926879882812,23.3020305633545,139.431106567383,201.880004882812
"2024-03-01",178.039688110352,409.218994140625,177.509155273438,152.822769165039,98.9831466674805,131.807144165039,366.130493164062,150.884307861328,32.9699287414551,82.2331771850586,136.82112121582,33.739387512207,57.5135154724121,109.730766296387,61.9339981079102,178.220001220703,372.016296386719,23.3283538818359,140.164916992188,202.639999389648
"2024-03-04",173.52082824707,408.647796630859,178.840774536133,150.673538208008,97.5990295410156,134.077239990234,362.244934082031,151.558700561523,33.7377891540527,85.1895217895508,137.123245239258,33.5392951965332,58.0420570373535,111.43627166748,61.5830001831055,177.580001831055,375.994293212891,22.7142181396484,136.560150146484,188.139999389648
"2024-03-05",168.585723876953,396.563232421875,180.632263183594,150.796081542969,98.7961044311523,133.231521606445,360.416412353516,151.330718994141,33.968147277832,85.920166015625,131.303939819336,34.422664642334,58.7663650512695,110.632530212402,59.8499984741211,174.119995117188,374.709899902344,22.8809089660645,137.211395263672,180.740005493164
"2024-03-06",167.594741821289,396.011749267578,181.57112121582,150.202224731445,99.852897644043,135.804275512695,361.604339599609,151.568206787109,33.9969444274902,88.6547698974609,132.012878417969,35.4980735778809,59.2851142883301,107.878219604492,59.7690010070801,173.509994506836,373.425354003906,23.8547554016113,136.055648803711,176.539993286133
"2024-03-07",167.475814819336,402.955139160156,179.980850219727,149.759140014648,100.414031982422,136.569869995117,360.751678466797,152.565536499023,34.1985054016113,92.6217346191406,137.587738037109,35.248420715332,59.0795783996582,107.995849609375,60.851001739502,176.820007324219,372.332580566406,23.5038185119629,137.009567260742,178.649993896484
"2024-03-08",169.190216064453,400.079284667969,180.316116333008,150.37190246582,101.358589172363,137.059509277344,357.685974121094,152.30908203125,34.1697120666504,87.4833755493164,127.976219177246,35.4404640197754,58.8446617126465,108.133071899414,60.4819984436035,175.350006103516,370.952270507812,23.8810749053955,137.47737121582,175.339996337891
"2024-03-11",171.192001342773,398.404968261719,180.383163452148,151.983840942383,101.957138061523,137.762756347656,355.932708740234,153.44889831543,34.4480514526367,85.7302627563477,126.450752258301,34.8643531799316,59.3732109069824,110.083618164062,60.0929985046387,171.960006713867,370.156646728516,24.8900108337402,139.421936035156,177.770004272461
"2024-03-12",171.667678833008,409.002349853516,181.868087768555,153.407257080078,101.30248260498,140.104080200195,358.826049804688,153.809844970703,34.5152473449707,91.8661422729492,126.329498291016,34.7203216552734,60.1072959899902,110.230651855469,61.1080017089844,175.389999389648,372.092926025391,24.5741691589355,139.321060180664,177.539993286133
"2024-03-13",169.586639404297,408.825103759766,183.343444824219,151.861282348633,102.43408203125,137.771667480469,363.089324951172,154.16130065918,34.630428314209,90.8416595458984,123.003753662109,35.2004165649414,59.980052947998,110.269859313965,60.9449996948242,176.559997558594,376.051818847656,24.7584114074707,141.155548095703,169.479995727539
"2024-03-14",171.439743041992,418.792144775391,180.076614379883,150.079666137695,104.248413085938,136.997161865234,359.525390625,153.401412963867,34.2560882568359,87.8991546630859,123.434005737305,34.5282859802246,59.9289855957031,109.838584899902,61.3009986877441,178.75,372.505157470703,24.6794490814209,142.81575012207,162.5
"2024-03-15",171.063171386719,410.125122070312,182.308792114258,149.108734130859,104.06135559082,136.534240722656,357.571014404297,153.287414550781,33.9873428344727,87.7921981811523,120.816261291504,34.3362426757812,59.5950660705566,109.730766296387,60.5880012512207,174.419998168945,371.163177490234,24.5127563476562,142.678192138672,163.570007324219
"2024-03-18",172.153259277344,411.011505126953,184.569671630859,147.770156860352,105.024635314941,135.038681030273,356.306365966797,153.125961303711,34.5632362365723,88.4098968505859,120.986396789551,34.2306289672852,59.771842956543,111.593101501465,61.8390007019043,174.479995727539,368.440856933594,24.3197422027588,142.549774169922,173.800003051758
"2024-03-19",174.491973876953,415.039642333984,185.652221679688,147.251708984375,105.76343536377,136.382934570312,363.49169921875,153.714859008789,34.5824356079102,89.3524322509766,121.06169128418,34.7011222839355,59.7816619873047,112.240013122559,62.0740013122559,175.899993896484,372.553039550781,24.2407817840576,143.659652709961,171.320007324219
"2024-03-20",177.058624267578,418.801910400391,188.085571289062,146.827499389648,105.669937133789,137.771667480469,368.281982421875,153.866836547852,35.2735061645508,90.3259201049805,125.308029174805,35.0179786682129,60.1548728942871,114.151359558105,62.7690010070801,178.149993896484,380.039398193359,24.3021984100342,141.760940551758,175.660003662109
"2024-03-21",169.824432373047,422.879333496094,190.700927734375,146.818099975586,106.137542724609,138.270202636719,378.619232177734,153.743362426758,36.0029716491699,91.3883743286133,132.378692626953,33.8177490234375,60.3512992858887,114.386604309082,62.2709999084473,178.149993896484,396.564971923828,24.2671031951904,142.045288085938,172.820007324219
"2024-03-22",170.726257324219,422.258880615234,188.363403320312,146.327896118164,106.137542724609,139.115905761719,373.905639648438,153.553405761719,35.561450958252,94.2409210205078,132.915863037109,33.2992477416992,59.7816619873047,113.573066711426,62.8009986877441,178.869995117188,389.960479736328,24.0039024353027,141.861831665039,170.830001831055
"2024-03-25",169.309158325195,416.467712402344,186.639007568359,146.318496704102,107.222389221191,139.382995605469,367.419708251953,152.157119750977,35.3790855407715,94.9535522460938,132.730270385742,33.0784034729004,59.4870338439941,116.993873596191,62.7459983825684,179.710006713867,388.158416748047,24.0653171539307,143.522048950195,172.630004882812
"2024-03-26",168.179412841797,415.276031494141,187.510772705078,146.836944580078,106.418098449707,128.005859375,363.989898681641,152.499038696289,35.5998458862305,92.5137939453125,130.757369995117,33.2032356262207,59.4281044006348,117.55256652832,62.923999786377,178.300003051758,389.347015380859,24.2056865692139,142.421356201172,177.669998168945
"2024-03-27",171.746963500977,415.059356689453,191.1416015625,148.9013671875,107.52165222168,131.157287597656,369.699859619141,154.455749511719,36.2909202575684,90.203971862793,129.504287719727,34.9219627380371,59.634349822998,118.581756591797,61.3530006408691,179.830001831055,398.041168212891,24.3723831176758,143.411987304688,179.830001831055
"2024-03-28",169.933456420898,414.360107421875,191.888854980469,149.1181640625,108.709381103516,132.314575195312,367.505950927734,154.113800048828,36.3965034484863,90.3099212646484,130.160278320312,34.7107200622559,59.0941772460938,119.934394836426,60.7330017089844,180.380004882812,400.379974365234,24.346061706543,144.686965942383,175.789993286133
"2024-04-01",168.496520996094,418.151916503906,190.585952758789,148.731674194336,109.410789489746,131.415435791016,352.589141845703,152.527557373047,36.0125732421875,90.3169174194336,132.600616455078,35.1428031921387,58.9272232055664,119.120849609375,61.4309997558594,180.970001220703,396.373260498047,24.3197422027588,145.916061401367,175.220001220703
"2024-04-02",167.317245483398,415.069244384766,190.509323120117,148.684539794922,111.552429199219,132.777496337891,347.770233154297,152.518035888672,35.8014106750488,89.4063873291016,131.471313476562,35.4596633911133,58.1022415161133,120.385276794434,61.4210014343262,180.690002441406,393.152496337891,24.1705951690674,146.558151245117,166.630004882812
"2024-04-03",168.119964599609,414.094207763672,189.972854614258,145.413528442383,111.571136474609,135.554977416992,344.800262451172,148.319702148438,35.9357833862305,88.9186401367188,133.872360229492,35.5844841003418,58.3674125671387,116.621406555176,63.007999420166,182.410003662109,396.842926025391,23.8810749053955,147.163528442383,168.380004882812
"2024-04-04",167.297470092773,411.563049316406,188.527435302734,143.754455566406,111.963928222656,133.534194946289,342.673400878906,147.65478515625,35.4366798400879,85.8611831665039,129.383499145508,33.5008850097656,58.4361572265625,114.768859863281,61.7140007019043,180,389.414093017578,23.3809928894043,147.392837524414,171.110000610352
"2024-04-05",168.050598144531,419.087524414062,190.261917114258,143.650772094727,113.507034301758,134.744903564453,342.855438232422,148.272201538086,35.6190414428711,87.9631195068359,131.537094116211,32.9247779846191,58.7799034118652,116.033302307129,63.6180000305176,185.070007324219,391.158660888672,23.3897666931152,148.227554321289,164.899993896484
"2024-04-08",166.930801391602,418.171569824219,191.254425048828,142.896667480469,112.740158081055,133.632110595703,346.860076904297,148.215225219727,35.9933776855469,87.0885620117188,131.210083007812,33.1264152526855,58.7111511230469,115.023712158203,62.8409996032715,185.190002441406,393.526306152344,23.319580078125,147.924850463867,172.979995727539
"2024-04-09",168.139785766602,419.836090087891,189.972854614258,143.556518554688,113.329345703125,134.041625976562,346.256500244141,148.804107666016,36.2141342163086,85.3104553222656,131.01171875,33.0496025085449,58.7209815979004,115.63143157959,61.8199996948242,185.669998168945,393.689270019531,23.4950466156006,148.594436645508,176.880004882812
"2024-04-10",166.266815185547,416.861724853516,188.353988647461,141.586364746094,114.283264160156,131.094924926758,335.852111816406,149.355041503906,35.1775283813477,86.9946136474609,129.861740112305,33.0687980651855,59.5361328125,114.866889953613,61.8580017089844,185.949996948242,384.151641845703,23.0914745330811,149.209014892578,171.759994506836
"2024-04-11",173.461349487305,421.461120605469,188.315444946289,140.257217407227,113.89981842041,132.652847290039,332.795959472656,148.02522277832,34.8895683288574,90.5698013305664,135.762802124023,32.4926910400391,59.0156135559082,114.827682495117,62.8779983520508,189.050003051758,381.007598876953,23.1090183258057,148.493530273438,174.600006103516
"2024-04-12",174.957748413086,415.522277832031,176.135604858398,139.060073852539,112.571815490723,129.0029296875,328.484741210938,147.540832519531,34.3520774841309,88.1410369873047,131.992752075195,32.118221282959,59.0647201538086,111.749923706055,62.2830009460449,186.130004882812,373.348693847656,22.6878986358643,145.806015014648,171.050003051758
"2024-04-15",171.132553100586,407.387145996094,176.231964111328,139.126037597656,111.92652130127,128.949523925781,323.752014160156,147.65478515625,34.5056495666504,85.9571533203125,128.714706420898,32.2814521789551,58.8584747314453,110.710929870605,60.7150001525879,183.619995117188,384.266632080078,22.7317657470703,144.549377441406,161.479995727539
"2024-04-16",167.852416992188,408.312866210938,174.218032836914,136.166107177734,111.000663757324,127.20467376709,320.782104492188,148.12971496582,33.2866706848145,87.3704223632812,130.518737792969,32.8671684265137,58.7700843811035,111.622497558594,61.7519989013672,183.320007324219,380.413238525391,22.5387516021729,143.347778320312,157.110000610352
"2024-04-17",166.484848022461,405.614318847656,173.52424621582,136.4677734375,110.944541931152,126.63493347168,318.865966796875,149.089065551758,33.814567565918,83.9921417236328,125.959129333496,32.1470222473145,58.5834770202637,110.701133728027,61.3689994812012,181.279998779297,387.171112060547,22.301872253418,143.45783996582,155.449996948242
"2024-04-18",165.533493041992,398.158752441406,174.651641845703,137.382125854492,110.841667175293,127.071136474609,318.923492431641,150.367233276367,34.332878112793,84.6278228759766,123.637580871582,32.4638824462891,58.2004508972168,110.201248168945,61.0559997558594,179.220001220703,386.404266357422,22.2755508422852,144.531051635742,149.929992675781
"2024-04-19",163.511901855469,393.086608886719,179.036041259766,139.427688598633,112.113563537598,127.097831726074,321.289825439453,151.179824829102,35.4846725463867,76.1611480712891,118.307075500488,32.6463203430176,58.4656257629395,110.37767791748,55.5040016174316,174.630004882812,387.25732421875,22.8107242584229,146.759948730469,147.050003051758
"2024-04-22",164.344314575195,394.898834228516,182.514602661133,140.568283081055,112.74951171875,129.403518676758,322.008392333984,153.474182128906,36.2141342163086,79.4774551391602,120.246612548828,32.943977355957,59.0647201538086,109.769966125488,55.4599990844727,177.229995727539,400.054168701172,23.0388336181641,148.521057128906,142.050003051758
"2024-04-23",165.394760131836,401.408905029297,185.145202636719,140.983032226562,113.189056396484,132.528198242188,324.777099609375,154.391952514648,36.8284225463867,82.380973815918,122.675186157227,34.0673980712891,58.0334968566895,111.455879211426,57.7750015258789,179.539993286133,406.428527832031,23.0914745330811,149.374099731445,144.679992675781
"2024-04-24",167.495651245117,402.876342773438,186.051025390625,140.012145996094,113.20777130127,130.525207519531,319.038452148438,155.44352722168,36.7804336547852,79.6363754272461,123.424491882324,33.8945579528809,58.7995452880859,111.661697387695,55.5120010375977,176.589996337891,405.50830078125,23.0476055145264,150.034530639648,162.130004882812
"2024-04-25",168.357818603516,393.0078125,186.330444335938,138.40022277832,113.469619750977,131.210693359375,318.051666259766,155.395721435547,36.3868980407715,82.5898666381836,127.11693572998,33.4912872314453,59.1334648132324,110.53450012207,56.4799995422363,173.669998168945,402.642211914062,22.1614971160889,151.60302734375,170.179992675781
"2024-04-26",167.773101806641,400.177795410156,186.446075439453,137.759201049805,110.317939758301,131.388717651367,321.031158447266,154.191162109375,36.310115814209,87.6902694702148,131.992752075195,33.9425735473633,59.084358215332,110.495315551758,56.1230010986328,179.619995117188,409.850524902344,22.2843246459961,152.162536621094,168.289993286133
"2024-04-29",171.935241699219,396.169311523438,186.243713378906,138.40022277832,111.889114379883,132.243362426758,322.66943359375,154.544891357422,36.0413665771484,87.7122573852539,131.457550048828,33.3664588928223,59.1629333496094,109.858184814453,55.9490013122559,180.960006713867,412.956268310547,22.4948863983154,152.566146850586,194.050003051758
"2024-04-30",168.793838500977,383.444610595703,184.759780883789,136.298095703125,110.607856750488,131.290817260742,320.197723388672,156.017120361328,35.5230560302734,86.3579483032227,127.691413879395,33.1456146240234,58.2888412475586,108.897613525391,55.0639991760254,175,409.026184082031,22.4773387908936,147.924850463867,183.279998779297
"2024-05-01",167.773101806641,388.969818115234,184.875427246094,142.510162353516,108.512977600098,129.902069091797,318.042053222656,156.208312988281,35.4654731750488,82.998649597168,122.053558349609,32.4734878540039,57.797779083252,108.289901733398,55.1710014343262,179,409.256256103516,23.845983505249,146.42057800293,179.990005493164
"2024-05-02",171.469497680664,391.825988769531,184.682723999023,141.32243347168,108.709381103516,131.059341430664,321.452697753906,156.628952026367,35.3982887268066,85.7732391357422,121.632263183594,32.1374244689941,58.642406463623,110.387489318848,56.5149993896484,184.720001220703,414.643341064453,24.3021984100342,147.429534912109,180.009994506836
"2024-05-03",181.726150512695,400.512603759766,183.574554443359,140.709732055664,108.484931945801,130.356063842773,328.465637207031,157.221664428711,35.75341796875,88.7437210083008,125.515228271484,32.329460144043,58.7504425048828,111.406860351562,57.9339981079102,186.210006713867,420.020874023438,24.39870262146,146.9892578125,181.190002441406
"2024-05-06",180.071197509766,407.288665771484,185.010314941406,140.059280395508,109.186340332031,130.569732666016,327.929138183594,157.202529907227,36.1757431030273,92.0930099487305,128.677398681641,33.2512397766113,58.7995452880859,114.161163330078,59.6969985961914,188.699996948242,425.283386230469,24.7057723999023,148.869613647461,184.759994506836
"2024-05-07",180.754974365234,403.152160644531,184.769409179688,140.191223144531,108.643913269043,130.943634033203,326.396179199219,158.464431762695,36.3197135925293,90.5078277587891,127.970344543457,32.66552734375,59.5361328125,103.300804138184,60.5999984741211,188.759994506836,425.407958984375,24.3636112213135,149.209014892578,177.809997558594
"2024-05-08",181.091918945312,404.333984375,188.527435302734,140.408050537109,108.625205993652,131.548980712891,324.6142578125,157.804824829102,36.1949348449707,90.3658981323242,130.156356811523,32.6175155639648,59.2218551635742,103.349815368652,60.9469985961914,188,428.427398681641,24.8022785186768,149.089767456055,174.720001220703
"2024-05-09",182.905426025391,406.087097167969,190.310104370117,141.256439208984,110.76685333252,131.807144165039,332.863006591797,158.732131958008,36.7420387268066,88.7017517089844,128.221725463867,34.6243057250977,59.5648193359375,103.702682495117,61.2089996337891,189.5,436.680572509766,25.0961666107178,151.75895690918,171.970001220703
"2024-05-10",181.645172119141,408.470550537109,191.533874511719,141.313018798828,110.317939758301,132.653289794922,331.895385742188,159.506484985352,36.9052085876465,89.832160949707,130.886001586914,36.1509971618652,59.6042442321777,103.69287109375,61.0870018005371,187.479995727539,435.884979248047,24.9447689056396,152.098358154297,168.470001220703
"2024-05-13",184.850372314453,407.465911865234,191.495315551758,142.5478515625,110.271186828613,135.560729980469,326.654876708984,158.569610595703,36.6748504638672,90.3529052734375,131.348526000977,37.5720748901367,59.5352554321289,103.732078552246,61.6590003967285,186.570007324219,434.763458251953,25.3277111053467,150.915100097656,171.889999389648
"2024-05-14",185.99153137207,410.263000488281,194.174133300781,142.698715209961,110.940582275391,133.166351318359,326.214172363281,158.464431762695,36.9435997009277,91.3094253540039,135.524169921875,38.4266395568848,58.993221282959,103.261596679688,61.3660011291504,187.070007324219,439.470001220703,25.2742786407471,150.071228027344,177.550003051758
"2024-05-15",188.263977050781,417.43603515625,194.75227355957,143.91471862793,111.798538208008,133.166351318359,334.041442871094,159.181442260742,37.3467254638672,94.5817413330078,141.037307739258,39.3772239685059,58.9636573791504,100.73274230957,61.3520011901855,185.990005493164,446.774200439453,25.6661281585693,149.557586669922,173.990005493164
"2024-05-16",188.383041381836,415.373870849609,195.099166870117,145.432388305664,111.129150390625,134.714599609375,328.350677490234,160.472015380859,37.6442756652832,94.3108825683594,138.676513671875,39.0699691772461,63.0831298828125,101.320846557617,61.0519981384277,183.630004882812,445.269256591797,25.755184173584,149.251815795898,174.839996337891
"2024-05-17",188.412826538086,414.604278564453,197.334701538086,145.771743774414,112.797920227051,134.336532592773,329.768493652344,160.261703491211,37.7114562988281,92.4318313598633,137.022766113281,36.9095458984375,63.7138633728027,101.203231811523,62.1100006103516,184.699996948242,448.336669921875,25.505823135376,150.715698242188,177.460006713867
"2024-05-20",189.573852539062,419.665893554688,188.460006713867,143.747680664062,111.883392333984,132.851303100586,323.646606445312,159.946212768555,37.2603454589844,94.7316741943359,138.863082885742,37.0343704223633,63.2506675720215,100.860168457031,64.0820007324219,183.539993286133,443.754760742188,25.4078617095947,149.298126220703,174.949996948242
"2024-05-21",190.873794555664,423.316528320312,192.256561279297,143.719161987305,111.110282897949,130.897979736328,322.046691894531,160.940460205078,38.0569953918457,95.3373565673828,137.406723022461,36.3478355407715,64.2066192626953,100.967994689941,65.0609970092773,183.149993896484,450.915161132812,25.4345798492432,148.214126586914,186.600006103516
"2024-05-22",189.434906005859,424.776763916016,191.090606689453,145.866760253906,108.875823974609,129.412780761719,316.719970703125,160.424224853516,38.1625747680664,94.9015884399414,136.723236083984,35.8836936950684,64.30517578125,100.977783203125,64.0469970703125,183.130004882812,443.217956542969,26.3607692718506,145.990478515625,180.110000610352
"2024-05-23",185.445785522461,421.303680419922,189.751190185547,142.255722045898,107.018493652344,125.209136962891,313.175201416016,158.206344604492,37.5962791442871,103.746078491211,136.82633972168,35.6032791137695,63.9011116027832,98.6645812988281,63.5670013427734,181.050003051758,439.163238525391,25.5503559112549,145.406784057617,173.740005493164
"2024-05-24",188.52197265625,424.421569824219,193.403244018555,139.661514282227,106.933639526367,124.813087463379,311.460327148438,158.053375244141,38.1049919128418,106.414703369141,138.255218505859,36.2414703369141,64.4332962036133,99.7427673339844,64.6750030517578,180.75,442.067687988281,25.7195625305176,146.157257080078,179.240005493164
"2024-05-28",188.531875610352,424.579437255859,192.237258911133,137.200286865234,108.291290283203,123.840934753418,314.909240722656,155.931076049805,37.7402572631836,113.842926025391,138.707931518555,36.6572570800781,64.0982131958008,100.409278869629,64.9000015258789,182.149993896484,440.754455566406,25.2030277252197,147.352447509766,176.75
"2024-05-29",188.829605102539,423.444763183594,190.897857666016,137.257308959961,107.131629943848,120.987495422363,312.236358642578,154.535339355469,37.1643676757812,114.766448974609,136.569030761719,36.0190696716309,63.9799385070801,98.8802108764648,65.4619979858398,182.020004272461,438.223876953125,24.775562286377,145.369720458984,176.190002441406
"2024-05-30",189.821929931641,409.138244628906,192.073486328125,138.055526733398,107.471038818359,123.192817687988,317.561492919922,155.424423217773,37.0779762268066,110.443656921387,133.957824707031,37.1890869140625,63.950382232666,99.683952331543,64.765998840332,179.320007324219,434.183197021484,25.1139755249023,146.629776000977,178.789993286133
"2024-05-31",190.774566650391,409.592102050781,195.253341674805,139.376403808594,110.55403137207,125.056091308594,323.050689697266,157.298141479492,38.3833351135254,109.577095031738,130.468643188477,37.208423614502,64.8077926635742,101.850143432617,64.1620025634766,176.440002441406,440.2490234375,25.5236358642578,150.372909545898,178.080001831055
"2024-06-03",192.540893554688,408.003540039062,194.472854614258,140.393203735352,107.904731750488,124.597038269043,316.432800292969,157.403289794922,38.2777557373047,114.941360473633,129.815582275391,37.711238861084,64.8669204711914,100.73274230957,63.3790016174316,178.339996337891,438.763916015625,26.1025047302246,145.888580322266,176.289993286133
"2024-06-04",192.858428955078,410.51953125,191.909652709961,140.450210571289,106.226524353027,122.085655212402,316.674011230469,159.659423828125,38.0857925415039,116.377639770508,130.691543579102,37.6628952026367,65.635627746582,101.281639099121,63.1619987487793,179.339996337891,439.072479248047,26.2628059387207,144.656326293945,174.770004272461
"2024-06-05",194.366775512695,418.353576660156,190.078826904297,138.711212158203,106.650802612305,123.831932067871,318.603393554688,158.741683959961,38.3545455932617,122.377563476562,138.770782470703,38.2237243652344,66.118522644043,99.4879150390625,65.0270004272461,181.279998779297,445.225067138672,26.3162403106689,143.590805053711,175
"2024-06-06",192.987426757812,418.856811523438,189.741577148438,139.138854980469,107.452178955078,123.822914123535,319.413757324219,161.055145263672,38.1049919128418,120.936294555664,137.61003112793,37.9529762268066,66.1776580810547,99.2036666870117,64.8519973754883,185,441.772735595703,25.6483154296875,144.471008300781,177.940002441406
"2024-06-07",195.378921508789,418.195770263672,192.6708984375,139.766036987305,106.301956176758,123.894943237305,315.487396240234,159.707244873047,38.4139976501465,120.826362609863,138.137344360352,37.5178489685059,64.9260559082031,99.5271224975586,64.1470031738281,184.300003051758,438.696411132812,25.4523868560791,144.609985351562,177.479995727539
"2024-06-10",191.63786315918,422.162109375,192.343292236328,139.813552856445,106.613090515137,123.93091583252,320.822174072266,159.984451293945,38.3077774047852,121.727897644043,141.459579467773,36.5315551757812,65.9904098510742,100.703330993652,64.4499969482422,187.059997558594,437.384857177734,24.9982013702393,145.221496582031,173.789993286133
"2024-06-11",205.560195922852,426.907928466797,187.284408569336,139.461929321289,105.755126953125,123.633903503418,323.870697021484,160.108734130859,37.5255928039551,120.858276367188,143.47868347168,37.8369445800781,65.7637405395508,98.8703994750977,64.8550033569336,187.229995727539,428.435607910156,24.9625778198242,144.989852905273,170.660003662109
"2024-06-12",211.434768676758,435.176177978516,184.55744934082,138.179092407227,104.586036682129,122.805763244629,331.993530273438,157.909957885742,38.0567016601562,125.146430969238,146.864715576172,38.958610534668,65.3498229980469,98.8017959594727,65.0059967041016,186.889999389648,432.707733154297,24.6330699920654,142.886672973633,177.289993286133
"2024-06-13",212.595779418945,435.689178466797,186.609893798828,138.217086791992,103.746932983398,121.419555664062,335.601440429688,159.085830688477,37.9118537902832,129.554534912109,164.883178710938,38.9876174926758,65.7341613769531,98.1058578491211,65.3259963989258,183.830001831055,430.441497802734,24.6241626739502,141.608093261719,182.470001220703
"2024-06-14",210.859222412109,436.666046142578,186.725524902344,138.302612304688,102.870132446289,122.103652954102,334.59814453125,159.449081420898,37.8925437927246,131.823593139648,170.387496948242,38.1657028198242,66.0495452880859,97.9882507324219,66.9380035400391,183.660003662109,430.547515869141,24.517297744751,141.357925415039,178.009994506836
"2024-06-17",215.007125854492,442.388671875,187.881851196289,138.692199707031,102.163024902344,122.28369140625,337.164306640625,160.127853393555,38.153263092041,130.923965454102,179.601943969727,39.4420852661133,66.4437408447266,99.5075149536133,67.5830001831055,184.059997558594,434.134979248047,24.0274848937988,141.932388305664,187.440002441406
"2024-06-18",212.645385742188,440.385681152344,189.828323364258,138.407135009766,103.124671936035,120.798461914062,341.380065917969,161.141220092773,38.6167869567871,135.522003173828,177.014282226562,38.2527389526367,66.6211395263672,99.4879150390625,68.5670013427734,182.809997558594,441.126556396484,24.4104290008545,142.062088012695,184.860000610352
"2024-06-20",208.070755004883,439.754241943359,191.4375,140.431213378906,105.349723815918,123.201835632324,340.965270996094,160.290374755859,38.6167869567871,130.724060058594,170.340347290039,39.1036529541016,67.0252075195312,99.8211669921875,67.9029998779297,186.100006103516,441.724487304688,24.7043132781982,145.128829956055,181.570007324219
"2024-06-21",205.897613525391,443.779876708984,189.153793334961,141.352981567383,104.425758361816,122.958786010742,343.241973876953,160.854400634766,38.1339569091797,126.515846252441,162.883758544922,38.6878700256348,66.9266510009766,100.242652893066,68.6119995117188,189.080001831055,434.134979248047,24.7043132781982,143.868759155273,183.009994506836
"2024-06-24",206.542617797852,441.697998046875,191.639862060547,141.704559326172,107.527610778809,124.759071350098,338.49560546875,161.036026000977,38.6457557678223,118.059463500977,156.857528686523,39.0649795532227,67.9023208618164,99.9583969116211,66.9020004272461,185.570007324219,445.620483398438,25.2564678192139,147.602630615234,182.580001831055
"2024-06-25",207.465454101562,444.934204101562,190.859359741211,139.870559692383,107.829315185547,120.942481994629,326.37890625,159.506484985352,38.0277366638184,126.036041259766,155.732482910156,39.4034118652344,66.4437408447266,100.174034118652,67.2409973144531,186.339996337891,441.078369140625,24.9269542694092,146.815063476562,187.350006103516
"2024-06-26",211.613388061523,446.128082275391,190.242645263672,139.518966674805,107.867034912109,124.353988647461,329.755432128906,160.080062866211,37.6607818603516,126.345924377441,156.836853027344,38.4461250305176,67.301155090332,100.154441833496,67.7689971923828,193.610000610352,439.612548828125,24.4193344116211,144.489532470703,196.369995117188
"2024-06-27",212.456878662109,446.808868408203,191.919296264648,138.549682617188,108.329002380371,122.265701293945,329.43701171875,159.286590576172,37.9021949768066,123.936950683594,156.310775756836,38.5234794616699,66.8970794677734,100.144638061523,68.4339981079102,197.850006103516,430.065368652344,24.7577495574951,144.832382202148,197.419998168945
"2024-06-28",209.003555297852,440.987609863281,194.89680480957,138.891784667969,108.536422729492,123.18383026123,332.089965820312,157.661392211914,38.4043388366699,123.487144470215,158.16975402832,37.9916534423828,66.7295455932617,97.3217315673828,67.4879989624023,193.25,436.198699951172,24.9180507659912,144.925003051758,197.880004882812
"2024-07-01",215.086502075195,450.637145996094,197.970687866211,139.157836914062,108.38557434082,122.373710632324,324.324066162109,155.558242797852,38.6360969543457,124.246826171875,161.644424438477,37.2277603149414,66.5028839111328,96.0965194702148,67.3610000610352,197.199996948242,447.134521484375,25.1317863464355,145.017654418945,209.860000610352
"2024-07-02",218.579513549805,453.153106689453,201.227630615234,138.768218994141,107.650169372559,121.437561035156,323.147155761719,156.686309814453,39.5245094299316,122.617515563965,163.287673950195,36.579906463623,67.0843353271484,96.047492980957,67.9580001831055,200,449.015014648438,24.7844657897949,145.230743408203,231.259994506836
"2024-07-03",219.849700927734,454.623168945312,201.092758178711,138.445129394531,108.197006225586,122.013648986816,321.864105224609,156.619400024414,39.495548248291,128.225112915039,170.35514831543,35.9900665283203,67.2518768310547,96.6552124023438,68.2509994506836,197.589996337891,451.24267578125,24.6686935424805,145.193695068359,246.389999389648
"2024-07-05",224.602920532227,461.322662353516,198.428161621094,139.195846557617,106.886489868164,122.733764648438,322.770904541016,157.93864440918,39.0223655700684,125.776161193848,167.802597045898,36.2898139953613,69.0258178710938,96.047492980957,69.0650024414062,200,448.185699462891,24.9803886413574,142.970077514648,251.520004272461
"2024-07-08",226.071563720703,460.020263671875,198.796356201172,138.245574951172,105.764541625977,121.995658874512,327.613739013672,159.191009521484,39.225154876709,128.145126342773,171.99446105957,36.715274810791,68.671012878418,95.8801040649414,68.5739974975586,199.289993286133,448.253204345703,24.8735237121582,142.98860168457,252.940002441406
"2024-07-09",226.924957275391,453.409637451172,201.179931640625,139.737518310547,104.59546661377,120.870468139648,325.192321777344,158.368850708008,39.9976806640625,131.323806762695,170.758087158203,36.2608070373535,68.8878479003906,95.5649948120117,68.5739974975586,199.339996337891,455.977661132812,24.686502456665,141.737808227539,262.329986572266
"2024-07-10",231.191970825195,460.030120849609,201.344650268555,141.999160766602,105.519424438477,122.103652954102,332.032073974609,159.458679199219,40.3067016601562,134.852294921875,171.879196166992,35.6032791137695,69.3904571533203,95.486213684082,67.7649993896484,199.789993286133,461.821746826172,25.2475624084473,143.729797363281,263.260009765625
"2024-07-11",225.823501586914,448.634216308594,201.00553894043,142.255722045898,106.77335357666,124.435028076172,341.302886962891,158.254104614258,40.3742904663086,127.345504760742,168.062713623047,36.5025482177734,68.7892837524414,95.1218719482422,65.2750015258789,195.050003051758,462.149566650391,25.5236358642578,143.850234985352,241.029998779297
"2024-07-12",228.77067565918,447.499542236328,198.573501586914,142.426803588867,106.792213439941,128.134582519531,347.071838378906,159.277053833008,40.1618423461914,129.18473815918,167.542541503906,36.715274810791,68.2373809814453,95.6437683105469,64.7600021362305,194.490005493164,462.776428222656,25.755184173584,144.156005859375,248.229995727539
"2024-07-15",232.601058959961,447.904083251953,203.524749755859,141.818634033203,108.621269226074,129.754821777344,345.808074951172,157.336395263672,40.4515419006348,128.385070800781,168.875457763672,37.3728065490723,68.6020355224609,95.3877487182617,65.6449966430664,192.720001220703,474.686248779297,25.9154853820801,146.42594909668,252.639999389648
"2024-07-16",233.017837524414,443.523315429688,206.983856201172,143.500595092773,109.403800964355,132.617248535156,356.091796875,159.602066040039,42.6146240234375,126.305931091309,166.865753173828,38.87158203125,68.9765396118164,96.963264465332,65.6320037841797,193.020004272461,485.091644287109,26.2717132568359,146.17578125,256.559997558594
"2024-07-17",227.123428344727,437.603332519531,210.132888793945,148.793609619141,110.912307739258,132.662292480469,358.764068603516,161.982482910156,42.4697761535645,117.939514160156,153.664642333984,38.5234794616699,70.0014801025391,95.8210144042969,64.7460021972656,187.929992675781,484.281585693359,26.7437133789062,149.38151550293,248.5
"2024-07-18",222.459487915039,434.495361328125,203.456924438477,147.691299438477,112.005966186523,130.303909301758,353.159118652344,161.026473999023,41.5330810546875,121.038185119629,158.137252807617,38.4461250305176,69.7945098876953,95.308967590332,64.3040008544922,183.75,468.880798339844,26.4587306976318,150.067138671875,249.229995727539
"2024-07-19",222.588516235352,431.27880859375,203.263122558594,146.997589111328,109.432083129883,130.68196105957,350.535125732422,161.533340454102,41.4268608093262,117.879554748535,155.014312744141,38.4751319885254,69.7255325317383,94.2750396728516,63.3339996337891,183.130004882812,467.646453857422,26.6902751922607,147.454391479492,239.199996948242
"2024-07-22",222.241180419922,437.031097412109,203.747634887695,146.569976806641,108.677833557129,130.68196105957,350.428985595703,161.812225341797,40.8474655151367,123.487144470215,158.669219970703,37.9046287536621,69.3608779907227,92.6896743774414,64.75,182.550003051758,469.681243896484,26.3607692718506,145.453109741211,251.509994506836
"2024-07-23",223.283142089844,438.915649414062,203.79606628418,144.773986816406,106.924201965332,114.929557800293,346.927093505859,160.244598388672,40.953685760498,122.537551879883,161.339004516602,37.4791679382324,69.6269836425781,89.5484924316406,64.2760009765625,186.410003662109,474.609130859375,26.2717132568359,142.766220092773,246.380004882812
"2024-07-24",216.862777709961,423.178375244141,202.110107421875,148.508529663086,108.432708740234,115.694679260254,337.945709228516,161.571792602539,40.7412376403809,114.201118469238,149.093521118164,35.738655090332,69.5777053833008,88.4259262084961,63.5989990234375,180.830001831055,469.353424072266,26.6991844177246,143.674224853516,215.990005493164
"2024-07-25",215.820846557617,412.818481445312,202.187622070312,151.701431274414,110.714309692383,114.389488220215,340.820526123047,160.513885498047,40.2487602233887,112.231956481934,147.044418334961,35.4775772094727,69.006103515625,87.8449478149414,63.4090003967285,179.850006103516,474.184753417969,26.8772983551025,145.962692260742,220.25
"2024-07-26",216.287231445312,419.596801757812,205.646713256836,152.651702880859,110.620018005371,115.964714050293,346.820983886719,162.63932800293,40.2390937805176,113.011619567871,149.37922668457,36.1447715759277,68.7695770263672,88.5539398193359,63.1370010375977,182.5,481.243927001953,27.7894630432129,146.240646362305,219.800003051758
"2024-07-29",216.565078735352,421.037322998047,204.299926757812,150.675140380859,109.460372924805,115.766693115234,348.904754638672,163.427963256836,39.679012298584,111.542259216309,147.990127563477,36.9860229492188,68.6118927001953,90.7301254272461,62.6959991455078,183.199996948242,475.158813476562,27.7443065643311,145.091781616211,232.100006103516
"2024-07-30",217.120803833008,417.278167724609,208.505065917969,153.307418823242,111.411994934082,116.144744873047,350.853485107422,155.512847900391,39.8624954223633,103.685623168945,141.389587402344,37.6338844299316,68.1881256103516,92.3548812866211,62.257999420166,181.710006713867,487.647216796875,28.3494071960449,147.843536376953,222.619995117188
"2024-07-31",220.375625610352,412.769134521484,206.189346313477,150.000473022461,111.807968139648,117.350921630859,355.165679931641,154.608795166016,38.9258003234863,116.969917297363,158.294876098633,37.6048736572266,67.6460800170898,92.2564086914062,62.8349990844727,186.979995727539,490.887451171875,27.5817413330078,148.677368164062,232.070007324219
"2024-08-01",216.684143066406,411.545623779297,201.499664306641,152.765731811523,110.261764526367,117.53995513916,345.923797607422,159.350189208984,38.1436195373535,109.163276672363,144.837646484375,35.6322860717773,68.7794418334961,91.6262054443359,62.4850006103516,184.070007324219,482.295043945312,27.6810894012451,141.404251098633,216.860000610352
"2024-08-02",218.172668457031,403.040618896484,192.953689575195,155.977645874023,110.195762634277,115.271606445312,342.885009765625,163.572219848633,36.2895469665527,107.224098205566,141.685165405273,33.9401168823242,67.4686889648438,88.1994476318359,61.3639984130859,167.899993896484,453.865753173828,27.4823970794678,137.633361816406,207.669998168945
"2024-08-05",207.663909912109,389.878601074219,188.84538269043,153.231384277344,108.206428527832,113.435333251953,337.656341552734,161.629486083984,35.3914833068848,100.407020568848,139.970977783203,33.1085433959961,66.6112823486328,86.4368362426758,59.8549995422363,161.020004272461,442.659881591797,26.8592319488525,134.029235839844,198.880004882812
"2024-08-06",205.639572143555,394.279113769531,194.116409301758,151.064788818359,107.631317138672,112.06713104248,341.418670654297,161.658340454102,35.6522102355957,104.20539855957,141.783660888672,33.5920143127441,66.7591171264648,88.5933303833008,60.9570007324219,161.929992675781,453.460723876953,26.4799175262451,132.704299926758,200.639999389648
"2024-08-07",208.209716796875,393.114837646484,194.174545288086,150.998245239258,109.064399719238,111.004959106445,330.314910888672,163.514511108398,36.019157409668,98.8676910400391,134.247222900391,33.4373054504395,65.9411315917969,84.6446838378906,61.1479988098145,162.770004272461,456.151336669922,26.0554447174072,131.944564819336,191.759994506836
"2024-08-08",211.672927856445,397.318023681641,197.720840454102,152.252593994141,111.147994995117,113.60636138916,336.045257568359,164.331970214844,36.8979110717773,104.925086975098,143.576629638672,34.7426872253418,66.6802825927734,84.6446838378906,63.0349998474121,165.800003051758,468.456451416016,25.9741630554199,133.871719360352,198.839996337891
"2024-08-09",214.580444335938,400.603546142578,199.406784057617,152.632705688477,112.053100585938,113.255310058594,336.334686279297,164.014602661133,36.9655075073242,104.705184936523,146.05924987793,34.558967590332,66.966064453125,84.8908615112305,63.3940010070801,166.940002441406,472.786468505859,25.7845039367676,134.3349609375,200
"2024-08-12",216.110382080078,401.383087158203,199.78466796875,151.929504394531,112.194526672363,112.391166687012,333.6044921875,160.427307128906,36.8592834472656,108.973365783691,146.413909912109,34.8973999023438,67.705207824707,84.6348342895508,63.3139991760254,166.800003051758,468.196136474609,25.6941909790039,134.362762451172,197.490005493164
"2024-08-13",219.825988769531,408.486999511719,201.48030090332,150.513610839844,111.119720458984,113.858390808105,337.714202880859,160.888931274414,37.1393241882324,116.090309143066,153.841979980469,35.2068290710449,67.1434631347656,84.2901992797852,64.802001953125,170.229995727539,474.406585693359,26.0554447174072,133.556686401367,207.830001831055
"2024-08-14",220.273056030273,411.298980712891,203.708847045898,150.59912109375,112.14737701416,113.795394897461,343.106903076172,162.341186523438,37.4773063659668,118.029495239258,155.349258422852,34.4469680786133,67.6658096313477,84.9794921875,66.1679992675781,170.100006103516,480.925659179688,26.082540512085,134.038482666016,201.380004882812
"2024-08-15",223.253463745117,416.162109375,204.978149414062,151.178802490234,112.841178894043,115.712692260742,347.361236572266,161.494857788086,37.6897506713867,122.807441711426,163.663986206055,36.2394561767578,72.1203384399414,87.4313812255859,66.3219985961914,177.589996337891,481.234191894531,25.9290027618408,136.011962890625,214.139999389648
"2024-08-16",224.574798583984,413.631713867188,207.322982788086,151.4638671875,112.308952331543,116.702835083008,349.280975341797,161.46598815918,37.9891090393066,124.526695251465,163.260070800781,36.2297134399414,72.5927581787109,87.9335861206055,67.4069976806641,177.059997558594,486.287506103516,25.5587177276611,136.447418212891,216.119995117188
"2024-08-19",224.415832519531,416.656311035156,208.757019042969,151.691955566406,112.651092529297,117.550605773926,350.255401611328,161.975723266602,38.3077774047852,129.944396972656,165.22053527832,37.5156288146973,72.859619140625,89.4303131103516,68.8529968261719,178.220001220703,486.692535400391,26.0102863311768,137.562301635742,222.720001220703
"2024-08-20",225.031799316406,419.888488769531,207.855895996094,152.195602416992,108.897018432617,117.486808776855,354.307098388672,163.889587402344,37.3614196777344,127.195556640625,163.486663818359,37.1941528320312,73.6700439453125,88.3668518066406,69.8539962768555,178.880004882812,479.614135742188,26.1006011962891,135.557373046875,221.100006103516
"2024-08-21",224.922500610352,419.236175537109,207.933410644531,153.402420043945,108.203216552734,116.593437194824,357.384521484375,163.649139404297,37.4193687438965,128.445022583008,163.319183349609,37.7494316101074,74.3618698120117,89.3318557739258,69.7119979858398,180.110000610352,478.765502929688,26.2180099487305,136.147613525391,223.270004272461
"2024-08-22",223.064712524414,410.745452880859,209.900344848633,154.27668762207,109.039566040039,115.627128601074,352.464538574219,163.639526367188,37.8925437927246,123.687057495117,159.930252075195,37.3695030212402,74.6979064941406,88.5440902709961,68.8960037231445,176.130004882812,480.009490966797,25.992223739624,136.53173828125,210.660003662109
"2024-08-23",225.359603881836,411.971130371094,211.528182983398,155.968185424805,110.550704956055,116.657249450684,362.333404541016,162.697036743164,38.4043388366699,129.314636230469,163.890563964844,39.5614051818848,74.8165054321289,89.1743011474609,68.6729965209961,177.039993286133,491.263610839844,26.1006011962891,138.302444458008,220.320007324219
"2024-08-26",225.697402954102,408.709289550781,212.361450195312,156.424301147461,112.917205810547,117.833213806152,360.905700683594,163.831909179688,38.5491905212402,126.405899047852,157.250625610352,39.5224418640137,75.1426544189453,90.3756256103516,68.8440017700195,175.5,489.768829345703,26.1186618804932,139.126907348633,213.210006713867
"2024-08-27",226.541870117188,409.055206298828,213.340057373047,156.02214050293,111.84326171875,116.593437194824,360.008514404297,162.773971557617,38.3077774047852,128.2451171875,158.994338989258,39.5321846008301,75.2414855957031,89.5091018676758,69.5719985961914,173.119995117188,489.180572509766,26.0283508300781,137.674728393555,209.210006713867
"2024-08-28",225.011917114258,405.852722167969,214.415588378906,156.950897216797,110.740791320801,115.94620513916,359.535797119141,162.591247558594,38.5781631469727,125.556266784668,155.831985473633,38.8210296630859,75.1920700073242,88.1206741333008,68.3840026855469,170.800003051758,485.390655517578,25.9651317596436,136.784698486328,205.75
"2024-08-29",228.290390014648,408.343536376953,215.307006835938,157.24772644043,112.270935058594,115.754776000977,356.255279541016,163.524108886719,38.790599822998,117.539688110352,154.600524902344,38.2754898071289,75.5280990600586,88.4357681274414,69.2480010986328,172.119995117188,491.919311523438,25.9380359649658,138.11506652832,206.279998779297
"2024-08-30",227.505554199219,412.317077636719,217.816543579102,158.80842590332,112.090362548828,117.185981750488,357.652923583984,164.976348876953,39.3506851196289,119.31893157959,160.403121948242,38.2949714660645,76.3286437988281,88.9970550537109,70.1350021362305,178.5,494.975036621094,26.1999473571777,138.611602783203,214.110000610352
"2024-09-03",221.316207885742,404.706115722656,213.456344604492,160.053161621094,109.742874145508,116.228790283203,354.003570556641,167.842315673828,39.3024101257324,107.953788757324,150.521987915039,37.9247856140137,76.2693481445312,87.7661819458008,67.5319976806641,176.25,472.867248535156,25.5587177276611,135.529281616211,210.600006103516
"2024-09-04",219.408737182617,404.17236328125,212.516479492188,160.244659423828,108.402801513672,117.52326965332,353.935668945312,169.169494628906,39.1092758178711,106.164558410645,151.832244873047,37.817626953125,76.3385314941406,87.8843383789062,67.9680023193359,173.330001831055,475.952117919922,25.6400012969971,133.102752685547,219.410003662109
"2024-09-05",220.928741455078,403.668212890625,210.869293212891,157.975433349609,107.556945800781,116.137641906738,351.198669433594,168.755966186523,38.7616310119629,107.164131164551,150.551559448242,37.6617622375488,76.0617980957031,87.2935256958008,68.3619995117188,177.889999389648,473.274719238281,25.7483787536621,132.034698486328,230.169998168945
"2024-09-06",219.378921508789,397.055603027344,205.859893798828,157.391357421875,107.053237915039,116.265258789062,349.451629638672,168.871383666992,37.6730461120605,102.786003112793,134.966384887695,36.4927444458008,75.7455444335938,86.5943908691406,66.5770034790039,171.389999389648,465.252288818359,25.7935371398926,129.814300537109,210.729995727539
"2024-09-09",219.468353271484,401.029083251953,210.074752807617,159.52653503418,109.305686950684,117.486808776855,354.760620117188,169.323394775391,38.3631362915039,106.424446105957,138.729690551758,35.5477905273438,76.437370300293,86.9882583618164,67.5419998168945,175.399993896484,473.944061279297,26.5611991882324,131.444458007812,216.270004272461
"2024-09-10",218.673538208008,409.411071777344,199.174255371094,160.263809204102,105.323509216309,118.352813720703,359.953125,170.987182617188,38.1784591674805,108.053749084473,146.009994506836,35.1094093322754,77.8902130126953,87.0473556518555,67.3619995117188,179.550003051758,453.145874023438,26.8592319488525,129.505142211914,226.169998168945
"2024-09-11",221.206924438477,418.148864746094,200.792358398438,157.812652587891,104.278053283691,117.140403747559,359.584289550781,167.265274047852,37.9063148498535,116.859977722168,155.920654296875,35.32373046875,77.9198532104492,86.9685821533203,68.1470031738281,184.520004272461,457.065002441406,26.7869815826416,129.17724609375,228.130004882812
"2024-09-12",221.316207885742,422.063049316406,200.181945800781,157.64030456543,105.713172912598,117.067474365234,363.408355712891,166.832504272461,37.6924858093262,119.099220275879,162.117294311523,35.7523651123047,78.7302932739258,87.9335861206055,68.6800003051758,187,459.868408203125,26.3354167938232,130.423278808594,229.809997558594
"2024-09-13",221.047943115234,425.611572265625,197.972763061523,158.482894897461,105.637130737305,115.99178314209,368.804656982422,167.419158935547,37.5661277770996,119.059219360352,165.200820922852,36.4050674438477,79.6593170166016,89.1644592285156,69.7060012817383,186.490005493164,464.650848388672,26.4347610473633,131.734909057617,230.289993286133
"2024-09-16",214.908309936523,426.352874755859,201.402786254883,159.890380859375,107.119758605957,117.51416015625,370.765258789062,170.458236694336,38.0035133361816,116.740013122559,161.585296630859,36.6096496582031,79.6197891235352,90.4445648193359,69.6500015258789,184.889999389648,470.636169433594,27.1572685241699,133.121505737305,226.779998779297
"2024-09-17",215.375213623047,430.118835449219,202.749603271484,159.966995239258,108.516845703125,119.100326538086,371.959014892578,169.150283813477,38.4408912658691,115.550430297852,160.058303833008,37.3013114929199,77.6826629638672,91.4391098022461,70.6910018920898,186.880004882812,470.859252929688,26.9405155181885,134.358154296875,227.869995117188
"2024-09-18",219.249771118164,425.829071044922,201.083053588867,159.086090087891,108.897018432617,119.100326538086,372.706359863281,167.265274047852,38.5089263916016,113.331184387207,159.270172119141,37.1551856994629,78.1076354980469,92.1480941772461,69.0469970703125,186.429992675781,470.073486328125,26.8682670593262,134.873458862305,227.199996948242
"2024-09-19",227.376373291016,433.617950439453,203.941390991211,157.812652587891,110.24658203125,120.449501037598,378.850006103516,164.976348876953,39.7238731384277,117.829650878906,165.477294921875,38.1975593566895,77.1291961669922,92.0200805664062,70.431999206543,189.869995117188,488.747222900391,26.7869815826416,135.838439941406,243.919998168945
"2024-09-20",226.710739135742,430.237487792969,204.532455444336,157.180725097656,109.552787780762,117.231552124023,378.384155273438,167.553817749023,39.1407012939453,115.960289001465,169.114624023438,37.7299461364746,78.1372833251953,92.3154907226562,70.1029968261719,191.600006103516,483.508880615234,26.5702304840088,136.484893798828,238.25
"2024-09-23",224.992050170898,428.497833251953,204.87158203125,156.280670166016,111.539138793945,117.359191894531,380.422332763672,167.121032714844,38.7519149780273,116.220207214355,170.933258056641,38.5385208129883,79.392463684082,91.5474243164062,70.5370025634766,193.880004882812,482.519409179688,26.4708862304688,138.227478027344,250
"2024-09-24",225.886169433594,424.2080078125,205.01692199707,155.859375,111.244506835938,118.070236206055,388.866241455078,166.611312866211,38.3436965942383,120.828620910645,172.811218261719,38.8892211914062,79.7285003662109,92.2564086914062,72.2259979248047,193.960006713867,483.111145019531,26.6424827575684,138.143173217773,254.270004272461
"2024-09-25",224.892700195312,427.113983154297,203.660415649414,153.772079467773,109.077583312988,119.884307861328,385.246032714844,165.668807983398,38.149299621582,123.467720031738,173.483322143555,39.1035385131836,80.4499740600586,92.4828872680664,72.1559982299805,192.529998779297,476.437164306641,26.1276950836182,134.8828125,257.019989013672
"2024-09-26",226.035186767578,426.3232421875,203.263122558594,154.528457641602,107.205307006836,121.543418884277,385.022796630859,166.582458496094,38.411735534668,123.997535705566,176.023483276367,40.0679817199707,78.9872436523438,93.7433013916016,71.1429977416992,191.160003662109,482.044128417969,26.1638202667236,133.027801513672,254.220001220703
"2024-09-27",226.303405761719,423.071258544922,203.960784912109,154.538040161133,110.075508117676,122.39119720459,387.769500732422,166.909439086914,38.2951011657715,121.358444213867,170.686157226562,38.7723197937012,78.8488922119141,94.540901184082,70.7350006103516,187.970001220703,483.586456298828,26.2721977233887,136.306884765625,260.459991455078
"2024-09-30",231.479431152344,425.324920654297,204.309600830078,155.169998168945,111.406074523926,124.287338256836,393.272613525391,166.572830200195,38.5672492980957,121.398429870605,170.49836730957,39.5029525756836,79.8075714111328,94.7181549072266,70.927001953125,186.330001831055,480.288269042969,26.1367244720459,137.974533081055,261.630004882812
"2024-10-01",224.733734130859,415.826019287109,200.608261108398,155.102981567383,113.981658935547,121.488731384277,397.00927734375,166.4189453125,38.1201477050781,116.959945678711,165.526748657227,39.9121170043945,80.3214950561523,92.6109008789062,70.6129989624023,185.130004882812,475.496154785156,25.8928813934326,140.251159667969,258.019989013672
"2024-10-02",225.300018310547,412.307220458984,200.850494384766,154.317825317383,115.492790222168,121.25170135498,399.154235839844,165.341812133789,38.1298599243164,118.809310913086,168.679702758789,40.3894577026367,79.4913024902344,92.7093734741211,71.109001159668,184.759994506836,477.261688232422,25.8386917114258,141.422256469727,249.020004272461
"2024-10-03",224.197250366211,411.724029541016,198.8544921875,153.676315307617,116.500228881836,119.164138793945,399.464813232422,163.61067199707,38.149299621582,122.807945251465,169.895431518555,39.483470916748,79.4913024902344,92.1973266601562,70.6800003051758,181.960006713867,471.547973632812,25.5948467254639,141.703323364258,240.660003662109
"2024-10-04",225.319900512695,411.249572753906,205.912567138672,153.475234985352,118.638633728027,119.647300720215,396.339599609375,162.41813659668,38.9851875305176,124.877235412598,174.590316772461,41.5000190734863,79.9953536987305,93.6940689086914,71.9700012207031,186.509994506836,480.336761474609,25.811595916748,141.225524902344,250.080001831055
"2024-10-07",220.243255615234,404.804962158203,205.629837036133,152.747543334961,119.151840209961,119.601715087891,396.048400878906,160.725463867188,38.8393974304199,127.676277160645,173.048431396484,39.483470916748,78.1768188476562,90.9762954711914,70.1920013427734,180.800003051758,479.812927246094,26.3715400695801,141.581512451172,240.830001831055
"2024-10-08",224.296630859375,409.915191650391,205.454376220703,152.900756835938,115.987007141113,119.382942199707,401.988250732422,161.725677490234,38.8102378845215,132.844497680664,178.632843017578,38.9184455871582,78.7797012329102,91.0944671630859,72.1760025024414,182.720001220703,481.704559326172,26.353479385376,139.361114501953,244.5
"2024-10-09",228.042022705078,412.633361816406,208.05729675293,153.819931030273,116.034523010254,121.242584228516,403.822631835938,162.793212890625,39.0629425048828,132.604568481445,183.792282104492,38.5190353393555,79.4616546630859,92.1677856445312,72.7429962158203,185.169998168945,490.056762695312,27.265645980835,140.204284667969,241.050003051758
"2024-10-10",227.545272827148,411.032165527344,207.491851806641,153.685882568359,117.032440185547,121.096725463867,397.892486572266,162.485443115234,38.8491096496582,134.76383972168,183.535308837891,37.7007255554199,78.6808776855469,91.5671234130859,73.0289993286133,186.649993896484,488.640502929688,26.4979801177979,141.113082885742,238.770004272461
"2024-10-11",226.065002441406,411.506530761719,216.704391479492,154.595489501953,117.479125976562,122.701156616211,399.775390625,164.543563842773,40.7735862731934,134.753860473633,179.374160766602,38.5482597351074,79.165153503418,92.6896743774414,72.2789993286133,188.820007324219,500.843933105469,26.3354167938232,141.862579345703,217.800003051758
"2024-10-14",229.79052734375,414.293975830078,215.914749145508,154.729568481445,117.925827026367,122.673805236816,403.191772460938,165.909225463867,40.7347106933594,138.022750854492,180.194519042969,38.1585884094238,79.3529357910156,93.5168228149414,71.3000030517578,187.539993286133,507.100860595703,26.2631645202637,142.19987487793,219.160003662109
"2024-10-15",232.323883056641,413.898559570312,216.801895141602,157.123260498047,114.380828857422,121.971862792969,403.347076416016,166.928680419922,40.9582633972168,131.554962158203,173.937973022461,39.5419273376465,80.6970596313477,92.7782897949219,70.5979995727539,187.690002441406,506.741912841797,26.5882968902588,138.405502319336,219.570007324219
"2024-10-16",230.26741027832,411.308868408203,218.020492553711,157.295608520508,114.675453186035,123.831512451172,406.287872314453,165.784210205078,41.5997543334961,135.673538208008,174.768264770508,40.6817092895508,80.2720794677734,95.2695846557617,70.1999969482422,186.889999389648,513.997924804688,26.7960147857666,139.342361450195,221.330001831055
"2024-10-17",230.634979248047,411.901947021484,218.780868530273,157.477523803711,114.380828857422,123.439544677734,403.366455078125,165.688034057617,41.4053611755371,136.88313293457,179.423599243164,41.032413482666,79.945930480957,95.0627975463867,68.7649993896484,187.529998779297,513.163696289062,26.4347610473633,141.656478881836,220.889999389648
"2024-10-18",233.466400146484,413.325286865234,219.707000732422,158.099884033203,114.057693481445,123.913566589355,402.7841796875,165.694793701172,41.1332130432129,137.952758789062,177.802597045898,41.9091796875,80.3610305786133,95.7914733886719,76.3889999389648,188.990005493164,512.678771972656,26.3896026611328,141.234878540039,220.699996948242
"2024-10-21",234.936721801758,413.938140869141,217.396575927734,155.907257080078,114.124214172363,119.72021484375,394.437286376953,164.01155090332,40.5889205932617,143.66081237793,177.901458740234,41.3538932800293,79.8668746948242,95.1415786743164,77.2070007324219,189.070007324219,502.299011230469,26.1276950836182,141.356674194336,218.850006103516
"2024-10-22",234.320770263672,422.567199707031,218.488403320312,156.500900268555,114.71346282959,119.72021484375,390.021240234375,164.166305541992,41.1137771606445,143.540863037109,177.298522949219,40.9544792175293,81.062744140625,95.2597351074219,76.4240036010742,189.699996948242,502.783996582031,26.0464134216309,141.394165039062,217.970001220703
"2024-10-23",229.254043579102,419.690826416016,217.796279907227,158.80842590332,114.304794311523,119.793151855469,387.876281738281,164.050231933594,41.1526565551758,139.512222290039,171.496643066406,40.4381637573242,82.2981567382812,94.7673797607422,74.9290008544922,184.710006713867,501.717010498047,26.0644760131836,140.981918334961,213.649993896484
"2024-10-24",229.065292358398,419.8193359375,219.326797485352,156.711532592773,113.658515930176,126.119651794434,390.826751708984,164.088928222656,41.4539604187012,140.361938476562,169.361709594727,40.4381637573242,82.0708465576172,93.9402389526367,75.4550018310547,186.380004882812,508.798461914062,25.8657836914062,140.953811645508,260.480010986328
"2024-10-25",229.899795532227,423.199768066406,216.723892211914,154.040145874023,113.563484191895,125.280967712402,387.167755126953,162.734588623047,40.7152671813965,141.491546630859,170.992568969727,40.9544792175293,81.5470352172852,93.5758972167969,75.4680023193359,187.830001831055,497.254669189453,25.6941909790039,141.291107177734,269.190002441406
"2024-10-28",231.876815795898,421.657836914062,219.833740234375,154.729568481445,113.002746582031,123.37572479248,391.030670166016,163.779373168945,41.4247970581055,140.471908569336,170.023941040039,42.1332397460938,81.7842254638672,94.7279968261719,74.9120025634766,188.389999389648,507.906066894531,26.0644760131836,141.038116455078,262.510009765625
"2024-10-29",232.145050048828,426.955871582031,217.299057006836,153.283737182617,111.463088989258,122.43677520752,383.440765380859,161.718811035156,41.3373222351074,141.201644897461,177.160171508789,41.7533073425293,80.7464752197266,94.6590728759766,75.9440002441406,190.830001831055,508.585052490234,25.7032203674316,139.145645141602,259.519989013672
"2024-10-30",228.598358154297,427.529174804688,218.771118164062,153.781631469727,110.902366638184,121.971862792969,380.9658203125,160.741775512695,41.1234931945801,139.292297363281,174.590316772461,45.4357032775879,80.4400863647461,93.6251373291016,75.3740005493164,192.729995727539,508.701446533203,25.7574081420898,138.705307006836,257.549987792969
"2024-10-31",224.435699462891,401.651885986328,216.343704223633,153.063522338867,110.987884521484,122.208892822266,382.15966796875,159.793701171875,40.6472358703613,132.714569091797,167.800048828125,45.0265502929688,80.9935607910156,94.7279968261719,75.6029968261719,186.399993896484,502.289306640625,25.5587177276611,139.426712036133,249.850006103516
"2024-11-01",221.455276489258,405.625366210938,217.338073730469,153.322036743164,109.248649597168,122.199768066406,381.033813476562,159.716339111328,40.5889205932617,135.353652954102,166.959884643555,44.6368751525879,81.2307662963867,94.3439636230469,75.6100006103516,197.929992675781,503.802551269531,25.3690624237061,143.408447265625,248.979995727539
"2024-11-04",220.561141967773,403.737457275391,214.257476806641,151.512405395508,112.72713470459,121.242584228516,383.926055908203,159.696990966797,40.1709785461426,136.003433227539,166.594207763672,44.3738479614258,81.4877319335938,94.3242721557617,75.5510025024414,195.779998779297,496.158538818359,25.0710258483887,144.251647949219,242.839996337891
"2024-11-05",221.991744995117,406.702728271484,215.924499511719,151.617736816406,113.059768676758,122.008323669434,388.313018798828,160.354797363281,40.7055511474609,139.862106323242,171.882110595703,45.523380279541,82.703369140625,95.1514205932617,76.390998840332,199.5,511.184814453125,25.2787475585938,143.726974487305,251.440002441406
"2024-11-06",221.266510009766,415.321899414062,240.852005004883,151.167694091797,114.998580932617,122.081253051758,376.93798828125,155.798385620117,44.1365585327148,145.560150146484,177.466567993164,48.124439239502,82.4661712646484,97.376838684082,78.0210037231445,207.089996337891,578.138549804688,24.709774017334,147.764953613281,288.529998779297
"2024-11-07",225.995452880859,420.51123046875,230.440353393555,150.066604614258,115.141159057617,122.29093170166,387.682159423828,158.081436157227,43.5145034790039,148.829055786133,181.677124023438,46.0786666870117,82.8713912963867,97.4162216186523,79.6539993286133,210.050003051758,564.742065429688,24.800085067749,146.874908447266,296.910003662109
"2024-11-08",225.726928710938,417.654663085938,231.025268554688,148.860137939453,115.103134155273,120.732093811035,393.952026367188,162.2412109375,43.8644104003906,147.579467773438,181.509094238281,45.3480262756348,83.8399505615234,97.5048522949219,79.5039978027344,208.179992675781,571.619750976562,24.5065956115723,147.024810791016,321.220001220703
"2024-11-11",223.011749267578,413.177032470703,233.277206420898,148.448425292969,114.494873046875,119.975463867188,396.271697998047,160.616012573242,44.7877731323242,145.210250854492,176.833984375,45.727954864502,83.227180480957,99.3166961669922,80.5439987182617,206.839996337891,584.308227539062,24.0663566589355,146.621963500977,350
"2024-11-12",223.011749267578,418.138977050781,233.540451049805,146.150497436523,114.380828857422,118.635414123535,391.215026855469,160.432189941406,44.5739402770996,148.239212036133,174.175186157227,46.7703285217285,83.9980773925781,99.444709777832,81.9499969482422,208.910003662109,574.850158691406,24.0204982757568,145.488311767578,328.489990234375
"2024-11-13",223.896911621094,420.283905029297,235.100234985352,146.724975585938,115.445281982422,121.86247253418,398.11572265625,161.148056030273,44.5836563110352,146.219924926758,171.565826416016,47.338550567627,84.5021286010742,101.148239135742,83.0469970703125,214.100006103516,576.431274414062,24.5065956115723,148.70182800293,330.239990234375
"2024-11-14",226.980087280273,421.954376220703,235.792404174805,145.413208007812,115.521934509277,120.914428710938,393.777313232422,161.631759643555,44.6128196716309,146.709747314453,168.402954101562,47.1230125427246,83.4841613769531,107.450309753418,83.7259979248047,211.479995727539,570.989196777344,23.8645839691162,151.587432861328,311.179992675781
"2024-11-15",223.777557373047,410.201843261719,239.145965576172,147.452651977539,114.324165344238,122.21802520752,396.164886474609,164.01155090332,45.4389801025391,141.931381225586,162.927230834961,47.0838317871094,83.266716003418,113.319107055664,82.3960037231445,202.610000610352,575.771545410156,22.745641708374,151.231414794922,320.720001220703
"2024-11-18",226.781173706055,410.953063964844,238.872985839844,148.189926147461,115.282379150391,124.700378417969,398.358367919922,165.182067871094,45.4098243713379,140.102005004883,163.747604370117,46.0159721374512,83.0987091064453,111.802673339844,84.7050018310547,201.699996948242,570.387756347656,22.8006725311279,152.149444580078,338.739990234375
"2024-11-19",227.039733886719,412.959564208984,236.981735229492,146.495178222656,113.672592163086,122.919334411621,394.825500488281,165.191757202148,45.1085166931152,146.959671020508,163.431335449219,45.624095916748,85.5892868041992,110.699806213379,87.1320037841797,204.610000610352,563.975769042969,23.0207920074463,151.05158996582,346
"2024-11-20",227.755844116211,410.686157226562,234.729782104492,146.600494384766,115.291969299316,121.894996643066,388.225677490234,165.317520141602,44.7683334350586,145.840057373047,161.355697631836,45.6828765869141,86.1625213623047,112.511665344238,88.3850021362305,202.880004882812,564.509216308594,22.874044418335,152.688919067383,342.029998779297
"2024-11-21",227.278442382812,408.913330078125,238.609786987305,148.888870239258,116.834686279297,121.230575561523,398.368072509766,167.116882324219,45.1571159362793,146.61979675293,162.037673950195,45.3987693786621,87.3583984375,112.964622497559,89.7480010986328,198.380004882812,578.2646484375,23.0483055114746,152.972854614258,339.640014648438
"2024-11-22",228.62109375,413.003692626953,242.304565429688,148.57292175293,116.700531005859,124.414321899414,407.636962890625,170.531753540039,45.6819725036621,141.901397705078,162.324340820312,45.6142959594727,89.3844757080078,113.880393981934,89.7789993286133,197.119995117188,584.735107421875,23.5252304077148,153.663757324219,352.559997558594
"2024-11-25",231.60481262207,414.776580810547,244.000839233398,149.156982421875,114.956588745117,126.924354553223,416.0517578125,171.605560302734,46.1679496765137,135.973434448242,162.907485961914,47.779411315918,88.4554443359375,114.225036621094,86.5589981079102,201.449996948242,584.977661132812,24.0021553039551,151.770858764648,338.589996337891
"2024-11-26",233.782913208008,423.888427734375,243.688873291016,149.1376953125,113.040161132812,124.543487548828,416.876708984375,173.462951660156,46.4109382629395,136.873138427734,162.828414916992,47.8577842712402,90.2443237304688,113.683441162109,87.2600021362305,207.860000610352,587.373596191406,23.635290145874,153.824645996094,338.230010986328
"2024-11-27",233.65364074707,418.936340332031,243.513366699219,149.987030029297,112.743125915527,125.207931518555,416.798675537109,173.511337280273,46.4303779602051,135.293655395508,157.81721496582,48.7297058105469,90.8076629638672,115.800552368164,87.734001159668,205.740005493164,587.305725097656,23.6903190612793,153.427154541016,332.890014648438
"2024-11-29",236.040603637695,419.40185546875,243.445159912109,149.610610961914,113.030578613281,125.244842529297,418.691467285156,173.414581298828,46.1776695251465,138.202682495117,160.199279785156,49.6114273071289,91.4204254150391,115.672538757324,88.6809997558594,207.889999389648,590.351684570312,24.03883934021,153.256774902344,345.160003662109
"2024-12-02",238.288299560547,426.849792480469,240.062362670898,149.407928466797,112.925186157227,123.676048278809,416.574279785156,173.840240478516,45.7208518981934,138.582534790039,164.577880859375,48.5435638427734,91.5587997436523,115.367286682129,89.7740020751953,210.710006713867,586.588745117188,23.6811466217041,153.521789550781,357.089996337891
"2024-12-03",241.331680297852,427.067657470703,238.66828918457,147.052932739258,112.75269317627,119.698707580566,418.906127929688,169.699798583984,45.507022857666,140.211990356445,166.198822021484,49.0921897888184,92.4186477661133,114.668144226074,90.2170028686523,213.440002441406,586.949462890625,23.4426860809326,153.247314453125,351.420013427734
"2024-12-04",241.689712524414,433.228057861328,237.283935546875,145.228759765625,109.504364013672,118.840476989746,417.510955810547,169.399917602539,45.069637298584,145.09033203125,168.580871582031,50.1306610107422,93.3476791381836,115.199882507324,91.1060028076172,218.160003662109,583.664184570312,23.140022277832,149.84016418457,357.929992675781
"2024-12-05",241.719543457031,438.378234863281,239.311706542969,144.311859130859,109.983474731445,117.742317199707,416.164489746094,170.289916992188,45.6819725036621,145.02033996582,168.491912841797,49.4056930541992,94.1877593994141,114.717384338379,91.7870025634766,220.550003051758,581.802062988281,23.5710887908936,150.796051025391,369.489990234375
"2024-12-06",241.520645141602,439.319122314453,241.144470214844,144.109161376953,108.824043273926,115.915153503418,420.877014160156,168.151977539062,45.6917457580566,142.40104675293,177.446792602539,48.9060478210449,94.5830764770508,114.943870544434,93.4739990234375,227.029998779297,584.609741210938,23.5986022949219,146.925109863281,389.220001220703
"2024-12-09",245.409393310547,441.745635986328,237.683654785156,144.389053344727,108.182037353516,118.609786987305,418.740264892578,165.220779418945,44.8707580566406,138.772033691406,176.863632202148,47.7696113586426,92.7349166870117,112.856300354004,91.3690032958984,226.089996337891,579.189453125,23.937952041626,148.666580200195,389.790008544922
"2024-12-10",246.423873901367,439.081390380859,236.757522583008,144.031936645508,107.961647033691,120.169342041016,412.310546875,166.662200927734,44.7143821716309,135.033065795898,169.816360473633,49.7485847473145,93.4465103149414,112.974464416504,91.3349990844727,225.039993286133,570.327880859375,23.4518585205078,148.590835571289,400.989990234375
"2024-12-11",245.150817871094,444.687194824219,237.410675048828,141.532165527344,107.242988586426,119.154235839844,411.130004882812,165.065994262695,45.0369110107422,139.271896362305,181.074172973633,49.0530052185059,93.8517227172852,112.856300354004,93.6559982299805,230.259994506836,577.668701171875,23.140022277832,147.843170166016,424.769989013672
"2024-12-12",246.612854003906,445.251678466797,235.460952758789,141.146102905273,107.147171020508,119.025039672852,404.339294433594,165.278839111328,45.0369110107422,137.302444458008,178.563674926758,48.9452362060547,92.9918670654297,113.141868591309,92.5550003051758,228.970001220703,576.742553710938,23.268424987793,146.423492431641,418.100006103516
"2024-12-13",246.78190612793,442.983612060547,233.910888671875,141.51286315918,106.208114624023,118.82202911377,406.837066650391,165.481979370117,44.6361885070801,134.213287353516,222.191482543945,48.857063293457,93.3563919067383,111.605735778809,91.8870010375977,227.460006713867,570.766540527344,23.4610271453857,145.628479003906,436.230010986328
"2024-12-16",249.676086425781,447.262237548828,233.559936523438,138.839370727539,103.937164306641,118.628242492676,400.719512939453,165.559371948242,44.4407196044922,131.963897705078,247.099090576172,50.3168029785156,93.9705123901367,110.883720397949,92.1080017089844,232.929992675781,571.59521484375,23.1583633422852,141.360061645508,463.019989013672
"2024-12-17",252.102828979492,450.104766845703,232.370590209961,141.310180664062,103.496383666992,117.493171691895,398.534057617188,164.775787353516,44.0302200317383,130.354339599609,237.442443847656,49.3665008544922,94.5153045654297,111.783760070801,91.9130020141602,231.149993896484,560.237976074219,24.2406177520752,140.177001953125,479.859985351562
"2024-12-18",246.702331542969,433.198364257812,224.58137512207,139.7080078125,101.97282409668,114.263298034668,384.240447998047,163.566528320312,42.5153121948242,128.874755859375,221.025192260742,46.6037826538086,92.6630325317383,110.132034301758,88.9550018310547,220.520004272461,536.421936035156,23.7453479766846,136.362838745117,440.130004882812
"2024-12-19",248.432891845703,432.841796875,227.106292724609,138.578750610352,101.100860595703,113.183609008789,375.654449462891,163.672973632812,42.3980293273926,130.644241333008,215.786697387695,47.5442810058594,92.5144500732422,110.151817321777,90.2040023803711,223.289993286133,540.067993164062,23.635290145874,133.589797973633,436.170013427734
"2024-12-20",253.107376098633,432.415954589844,231.629699707031,139.437759399414,101.445816040039,115.979751586914,383.050109863281,162.579788208008,43.1701431274414,134.663162231445,218.228012084961,47.3875350952148,91.3654403686523,110.804588317871,90.9049987792969,224.919998168945,551.87353515625,24.1764183044434,135.19873046875,421.059997558594
"2024-12-23",253.883117675781,431.078857421875,232.399856567383,140.209884643555,101.857849121094,116.044342041016,382.903717041016,162.628189086914,42.896484375,139.631805419922,230.26921081543,46.5058135986328,89.4933700561523,110.181488037109,91.1449966430664,225.059997558594,556.43603515625,24.4974212646484,135.312301635742,430.600006103516
"2024-12-24",256.797210693359,435.119720458984,236.221343994141,140.769683837891,101.953666687012,116.514991760254,386.503967285156,163.431106567383,43.3753967285156,140.181671142578,237.533554077148,47.0936241149902,91.80126953125,111.328788757324,93.2119979858398,229.050003051758,568.144165039062,24.5249347686768,136.135696411133,462.279998779297
"2024-12-26",257.612701416016,433.911437988281,237.030487060547,140.509078979492,102.039894104004,116.607261657715,385.528289794922,164.611312866211,43.5415420532227,139.891738891602,243.162704467773,47.5246887207031,91.9102325439453,111.318908691406,92.4140014648438,227.050003051758,566.623352050781,24.3598461151123,136.268203735352,454.130004882812
"2024-12-27",254.201370239258,426.404083251953,235.109985351562,139.997543334961,102.030319213867,116.376564025879,383.303771972656,164.001876831055,43.336296081543,136.972534179688,239.585021972656,47.015251159668,90.7909545898438,110.329849243164,90.754997253418,223.75,561.700256347656,24.4148788452148,136.287139892578,431.660003662109
"2024-12-30",250.829803466797,420.758697509766,233.306488037109,138.347091674805,101.34041595459,115.647529602051,379.957153320312,161.64143371582,42.9160308837891,137.452392578125,233.470275878906,46.407844543457,89.7112808227539,109.588050842285,90.0429992675781,221.300003051758,559.136413574219,24.2314453125,135.406967163086,417.410003662109
"2024-12-31",249.059478759766,417.460601806641,233.686676025391,139.58251953125,103.074768066406,116.367324829102,379.527893066406,162.183166503906,42.9551277160645,134.253280639648,229.763763427734,46.4764251708984,89.4933700561523,110.132034301758,89.1320037841797,219.389999389648,558.229736328125,24.332332611084,137.082168579102,403.839996337891
